,flop,board_type,0b,1b,2b,profit,flop,board_type,max_profit
0,"[14, 9, 9]",two-tone,1,1,1,2.377136036597296,"[14, 9, 9]",two-tone,2.377136036597296
1,"[14, 9, 8]",two-tone,1,1,1,5.776557956307519,"[14, 9, 8]",two-tone,5.776557956307519
2,"[14, 9, 7]",two-tone,1,1,1,4.2121458807454335,"[14, 9, 7]",two-tone,4.2121458807454335
3,"[14, 9, 6]",two-tone,1,1,1,1.507792514503964,"[14, 9, 6]",two-tone,1.507792514503964
4,"[14, 9, 5]",two-tone,2,2,2,3.6709530712152265,"[14, 9, 5]",two-tone,3.6709530712152265
5,"[14, 9, 4]",two-tone,2,2,2,3.739749742297315,"[14, 9, 4]",two-tone,3.739749742297315
6,"[14, 9, 3]",two-tone,2,2,2,3.7430629417376142,"[14, 9, 3]",two-tone,3.7430629417376142
7,"[14, 9, 2]",two-tone,2,2,2,3.74318986244657,"[14, 9, 2]",two-tone,3.74318986244657
8,"[14, 8, 8]",two-tone,8,6,4,4.348127662738033,"[14, 8, 8]",two-tone,4.348127662738033
9,"[14, 8, 7]",two-tone,2,2,2,5.4173549231635905,"[14, 8, 7]",two-tone,5.4173549231635905
10,"[14, 8, 6]",two-tone,2,2,2,5.1035913023598285,"[14, 8, 6]",two-tone,5.1035913023598285
11,"[14, 8, 5]",two-tone,2,2,2,4.27527158044755,"[14, 8, 5]",two-tone,4.27527158044755
12,"[14, 8, 4]",two-tone,2,2,2,4.344737572514609,"[14, 8, 4]",two-tone,4.344737572514609
13,"[14, 8, 3]",two-tone,2,2,2,4.399703193451024,"[14, 8, 3]",two-tone,4.399703193451024
14,"[14, 8, 2]",two-tone,2,2,2,4.402124275152109,"[14, 8, 2]",two-tone,4.402124275152109
15,"[14, 7, 7]",two-tone,8,6,4,4.331767669070725,"[14, 7, 7]",two-tone,4.331767669070725
16,"[14, 7, 6]",two-tone,3,2,2,5.211592689957353,"[14, 7, 6]",two-tone,5.211592689957353
17,"[14, 7, 5]",two-tone,2,2,2,4.262609189967498,"[14, 7, 5]",two-tone,4.262609189967498
18,"[14, 7, 4]",two-tone,2,2,2,4.337405304361282,"[14, 7, 4]",two-tone,4.337405304361282
19,"[14, 7, 3]",two-tone,1,1,1,4.390189044312212,"[14, 7, 3]",two-tone,4.390189044312212
20,"[14, 7, 2]",two-tone,2,2,2,4.4154118205133965,"[14, 7, 2]",two-tone,4.4154118205133965
21,"[14, 6, 6]",two-tone,8,6,4,4.309317186482159,"[14, 6, 6]",two-tone,4.309317186482159
22,"[14, 6, 5]",two-tone,1,1,1,4.259000253098936,"[14, 6, 5]",two-tone,4.259000253098936
23,"[14, 6, 4]",two-tone,1,1,1,4.3481509708253725,"[14, 6, 4]",two-tone,4.3481509708253725
24,"[14, 6, 3]",two-tone,1,1,1,4.394248248335083,"[14, 6, 3]",two-tone,4.394248248335083
25,"[14, 6, 2]",two-tone,1,1,1,4.41825734757859,"[14, 6, 2]",two-tone,4.41825734757859
26,"[14, 5, 5]",two-tone,8,6,4,5.371514980214123,"[14, 5, 5]",two-tone,5.371514980214123
27,"[14, 5, 4]",two-tone,1,1,1,6.133842016477388,"[14, 5, 4]",two-tone,6.133842016477388
28,"[14, 5, 3]",two-tone,2,2,2,6.212110189611717,"[14, 5, 3]",two-tone,6.212110189611717
29,"[14, 5, 2]",two-tone,1,1,1,6.261773044835597,"[14, 5, 2]",two-tone,6.261773044835597
30,"[14, 4, 4]",two-tone,8,6,4,5.378655502602181,"[14, 4, 4]",two-tone,5.378655502602181
31,"[14, 4, 3]",two-tone,1,1,1,6.214024901552015,"[14, 4, 3]",two-tone,6.214024901552015
32,"[14, 4, 2]",two-tone,1,1,1,6.261667413492313,"[14, 4, 2]",two-tone,6.261667413492313
33,"[14, 3, 3]",two-tone,10,7,5,5.372174263796212,"[14, 3, 3]",two-tone,5.372174263796212
34,"[14, 3, 2]",two-tone,1,1,1,6.262902106029628,"[14, 3, 2]",two-tone,6.262902106029628
35,"[14, 2, 2]",two-tone,10,7,5,5.363064868273825,"[14, 2, 2]",two-tone,5.363064868273825
36,"[14, 14, 9]",two-tone,1,1,1,4.442432977745711,"[14, 14, 9]",two-tone,4.442432977745711
37,"[14, 14, 8]",two-tone,8,6,4,4.791969803811923,"[14, 14, 8]",two-tone,4.791969803811923
38,"[14, 14, 7]",two-tone,8,6,4,4.86600411137192,"[14, 14, 7]",two-tone,4.86600411137192
39,"[14, 14, 6]",two-tone,10,7,5,5.134999680695354,"[14, 14, 6]",two-tone,5.134999680695354
40,"[14, 14, 5]",two-tone,10,7,5,6.487083126467798,"[14, 14, 5]",two-tone,6.487083126467798
41,"[14, 14, 4]",two-tone,10,7,5,6.485454646914692,"[14, 14, 4]",two-tone,6.485454646914692
42,"[14, 14, 3]",two-tone,10,7,5,6.49415268927294,"[14, 14, 3]",two-tone,6.49415268927294
43,"[14, 14, 2]",two-tone,10,7,5,6.488304130376051,"[14, 14, 2]",two-tone,6.488304130376051
44,"[14, 14, 13]",two-tone,1,1,1,10.124250692967859,"[14, 14, 13]",two-tone,10.124250692967859
45,"[14, 14, 12]",two-tone,1,1,1,9.38436351855636,"[14, 14, 12]",two-tone,9.38436351855636
46,"[14, 14, 11]",two-tone,1,1,1,9.50793925600728,"[14, 14, 11]",two-tone,9.50793925600728
47,"[14, 14, 10]",two-tone,2,2,2,7.8784458317308035,"[14, 14, 10]",two-tone,7.8784458317308035
48,"[14, 13, 9]",two-tone,1,1,1,9.29837134144383,"[14, 13, 9]",two-tone,9.29837134144383
49,"[14, 13, 8]",two-tone,1,1,1,9.061813431543673,"[14, 13, 8]",two-tone,9.061813431543673
50,"[14, 13, 7]",two-tone,1,1,1,9.0476828050648,"[14, 13, 7]",two-tone,9.0476828050648
51,"[14, 13, 6]",two-tone,1,1,1,9.128067621814314,"[14, 13, 6]",two-tone,9.128067621814314
52,"[14, 13, 5]",two-tone,1,1,1,9.413296700130703,"[14, 13, 5]",two-tone,9.413296700130703
53,"[14, 13, 4]",two-tone,1,1,1,9.411242436260356,"[14, 13, 4]",two-tone,9.411242436260356
54,"[14, 13, 3]",two-tone,1,1,1,9.413423566756206,"[14, 13, 3]",two-tone,9.413423566756206
55,"[14, 13, 2]",two-tone,1,1,1,9.414548738031533,"[14, 13, 2]",two-tone,9.414548738031533
56,"[14, 13, 13]",two-tone,1,1,1,7.380041613386638,"[14, 13, 13]",two-tone,7.380041613386638
57,"[14, 13, 12]",two-tone,2,2,2,10.5739349630103,"[14, 13, 12]",two-tone,10.5739349630103
58,"[14, 13, 11]",two-tone,16,11,8,6.279013071605668,"[14, 13, 11]",two-tone,6.279013071605668
59,"[14, 13, 10]",two-tone,2,2,2,4.925530368695687,"[14, 13, 10]",two-tone,4.925530368695687
60,"[14, 12, 9]",two-tone,1,1,1,7.957727478446214,"[14, 12, 9]",two-tone,7.957727478446214
61,"[14, 12, 8]",two-tone,1,1,1,8.965880480557892,"[14, 12, 8]",two-tone,8.965880480557892
62,"[14, 12, 7]",two-tone,1,1,1,9.206079298827897,"[14, 12, 7]",two-tone,9.206079298827897
63,"[14, 12, 6]",two-tone,1,1,1,9.585741512184839,"[14, 12, 6]",two-tone,9.585741512184839
64,"[14, 12, 5]",two-tone,1,1,1,10.460580275504249,"[14, 12, 5]",two-tone,10.460580275504249
65,"[14, 12, 4]",two-tone,1,1,1,10.486368933731852,"[14, 12, 4]",two-tone,10.486368933731852
66,"[14, 12, 3]",two-tone,1,1,1,10.470182583649526,"[14, 12, 3]",two-tone,10.470182583649526
67,"[14, 12, 2]",two-tone,1,1,1,10.493917211407396,"[14, 12, 2]",two-tone,10.493917211407396
68,"[14, 12, 12]",two-tone,1,1,1,6.775880420280652,"[14, 12, 12]",two-tone,6.775880420280652
69,"[14, 12, 11]",two-tone,15,10,7,3.855033117745568,"[14, 12, 11]",two-tone,3.855033117745568
70,"[14, 12, 10]",two-tone,2,2,2,4.47343556163325,"[14, 12, 10]",two-tone,4.47343556163325
71,"[14, 11, 9]",two-tone,1,1,1,8.442201794385653,"[14, 11, 9]",two-tone,8.442201794385653
72,"[14, 11, 8]",two-tone,1,1,1,8.834372863490398,"[14, 11, 8]",two-tone,8.834372863490398
73,"[14, 11, 7]",two-tone,1,1,1,10.547493082721694,"[14, 11, 7]",two-tone,10.547493082721694
74,"[14, 11, 6]",two-tone,1,1,1,10.379835551121444,"[14, 11, 6]",two-tone,10.379835551121444
75,"[14, 11, 5]",two-tone,1,1,1,11.142573421983023,"[14, 11, 5]",two-tone,11.142573421983023
76,"[14, 11, 4]",two-tone,1,1,1,11.16316167156636,"[14, 11, 4]",two-tone,11.16316167156636
77,"[14, 11, 3]",two-tone,1,1,1,11.160665673233025,"[14, 11, 3]",two-tone,11.160665673233025
78,"[14, 11, 2]",two-tone,1,1,1,11.17094839802469,"[14, 11, 2]",two-tone,11.17094839802469
79,"[14, 11, 11]",two-tone,1,1,1,7.202140778003222,"[14, 11, 11]",two-tone,7.202140778003222
80,"[14, 11, 10]",two-tone,2,2,2,7.173237183311793,"[14, 11, 10]",two-tone,7.173237183311793
81,"[14, 10, 9]",two-tone,1,1,1,4.837116052073653,"[14, 10, 9]",two-tone,4.837116052073653
82,"[14, 10, 8]",two-tone,1,1,1,5.953370139120548,"[14, 10, 8]",two-tone,5.953370139120548
83,"[14, 10, 7]",two-tone,2,2,2,6.84153252149901,"[14, 10, 7]",two-tone,6.84153252149901
84,"[14, 10, 6]",two-tone,2,2,2,7.2367610734354315,"[14, 10, 6]",two-tone,7.2367610734354315
85,"[14, 10, 5]",two-tone,2,2,2,8.342611045452486,"[14, 10, 5]",two-tone,8.342611045452486
86,"[14, 10, 4]",two-tone,2,2,2,8.338934640882353,"[14, 10, 4]",two-tone,8.338934640882353
87,"[14, 10, 3]",two-tone,2,2,2,8.359134601357466,"[14, 10, 3]",two-tone,8.359134601357466
88,"[14, 10, 2]",two-tone,2,2,2,8.343417621244344,"[14, 10, 2]",two-tone,8.343417621244344
89,"[14, 10, 10]",two-tone,2,2,2,2.7217578323630285,"[14, 10, 10]",two-tone,2.7217578323630285
90,"[13, 9, 9]",two-tone,2,2,2,4.306594801314828,"[13, 9, 9]",two-tone,4.306594801314828
91,"[13, 9, 8]",two-tone,1,1,1,4.585345698417586,"[13, 9, 8]",two-tone,4.585345698417586
92,"[13, 9, 7]",two-tone,1,1,1,4.743292849317432,"[13, 9, 7]",two-tone,4.743292849317432
93,"[13, 9, 6]",two-tone,2,2,2,5.499455887214467,"[13, 9, 6]",two-tone,5.499455887214467
94,"[13, 9, 5]",two-tone,1,1,1,6.215073738108979,"[13, 9, 5]",two-tone,6.215073738108979
95,"[13, 9, 4]",two-tone,1,1,1,6.2644582169822165,"[13, 9, 4]",two-tone,6.2644582169822165
96,"[13, 9, 3]",two-tone,1,1,1,6.2683354907850335,"[13, 9, 3]",two-tone,6.2683354907850335
97,"[13, 9, 2]",two-tone,1,1,1,6.2650212292639065,"[13, 9, 2]",two-tone,6.2650212292639065
98,"[13, 8, 8]",two-tone,1,1,1,3.278272875440717,"[13, 8, 8]",two-tone,3.278272875440717
99,"[13, 8, 7]",two-tone,1,1,1,4.3300704486413455,"[13, 8, 7]",two-tone,4.3300704486413455
100,"[13, 8, 6]",two-tone,1,1,1,4.271407509820567,"[13, 8, 6]",two-tone,4.271407509820567
101,"[13, 8, 5]",two-tone,3,2,2,3.7999023597628874,"[13, 8, 5]",two-tone,3.7999023597628874
102,"[13, 8, 4]",two-tone,1,1,1,3.8417625034248597,"[13, 8, 4]",two-tone,3.8417625034248597
103,"[13, 8, 3]",two-tone,2,2,2,3.870051278072747,"[13, 8, 3]",two-tone,3.870051278072747
104,"[13, 8, 2]",two-tone,4,3,2,3.8741668597628873,"[13, 8, 2]",two-tone,3.8741668597628873
105,"[13, 7, 7]",two-tone,1,1,1,3.2699839951590275,"[13, 7, 7]",two-tone,3.2699839951590275
106,"[13, 7, 6]",two-tone,1,1,1,4.2720344643642685,"[13, 7, 6]",two-tone,4.2720344643642685
107,"[13, 7, 5]",two-tone,1,1,1,3.777885649903734,"[13, 7, 5]",two-tone,3.777885649903734
108,"[13, 7, 4]",two-tone,2,2,2,3.829420310467115,"[13, 7, 4]",two-tone,3.829420310467115
109,"[13, 7, 3]",two-tone,2,2,2,3.860628592157255,"[13, 7, 3]",two-tone,3.860628592157255
110,"[13, 7, 2]",two-tone,1,1,1,3.8604314752558455,"[13, 7, 2]",two-tone,3.8604314752558455
111,"[13, 6, 6]",two-tone,1,1,1,3.2781332011563484,"[13, 6, 6]",two-tone,3.2781332011563484
112,"[13, 6, 5]",two-tone,3,2,2,3.7746595380426586,"[13, 6, 5]",two-tone,3.7746595380426586
113,"[13, 6, 4]",two-tone,2,2,2,3.8270769464933663,"[13, 6, 4]",two-tone,3.8270769464933663
114,"[13, 6, 3]",two-tone,2,2,2,3.85169383663421,"[13, 6, 3]",two-tone,3.85169383663421
115,"[13, 6, 2]",two-tone,2,2,2,3.8716560436764627,"[13, 6, 2]",two-tone,3.8716560436764627
116,"[13, 5, 5]",two-tone,1,1,1,4.0795726332302085,"[13, 5, 5]",two-tone,4.0795726332302085
117,"[13, 5, 4]",two-tone,1,1,1,5.192873423925832,"[13, 5, 4]",two-tone,5.192873423925832
118,"[13, 5, 3]",two-tone,1,1,1,5.226079269673736,"[13, 5, 3]",two-tone,5.226079269673736
119,"[13, 5, 2]",two-tone,1,1,1,5.263429553681582,"[13, 5, 2]",two-tone,5.263429553681582
120,"[13, 4, 4]",two-tone,1,1,1,4.083075543552903,"[13, 4, 4]",two-tone,4.083075543552903
121,"[13, 4, 3]",two-tone,2,2,2,5.2382329589231595,"[13, 4, 3]",two-tone,5.2382329589231595
122,"[13, 4, 2]",two-tone,1,1,1,5.260184944446425,"[13, 4, 2]",two-tone,5.260184944446425
123,"[13, 3, 3]",two-tone,3,2,2,4.082128996681804,"[13, 3, 3]",two-tone,4.082128996681804
124,"[13, 3, 2]",two-tone,1,1,1,5.263887764984845,"[13, 3, 2]",two-tone,5.263887764984845
125,"[13, 2, 2]",two-tone,1,1,1,4.084689671632776,"[13, 2, 2]",two-tone,4.084689671632776
126,"[13, 13, 9]",two-tone,1,1,1,6.040834233804406,"[13, 13, 9]",two-tone,6.040834233804406
127,"[13, 13, 8]",two-tone,2,2,2,3.860914305598738,"[13, 13, 8]",two-tone,3.860914305598738
128,"[13, 13, 7]",two-tone,1,1,1,3.9347809087081616,"[13, 13, 7]",two-tone,3.9347809087081616
129,"[13, 13, 6]",two-tone,2,2,2,4.021187522542807,"[13, 13, 6]",two-tone,4.021187522542807
130,"[13, 13, 5]",two-tone,2,2,2,4.798787697566551,"[13, 13, 5]",two-tone,4.798787697566551
131,"[13, 13, 4]",two-tone,1,1,1,4.797364451429059,"[13, 13, 4]",two-tone,4.797364451429059
132,"[13, 13, 3]",two-tone,1,1,1,4.79192422549001,"[13, 13, 3]",two-tone,4.79192422549001
133,"[13, 13, 2]",two-tone,3,2,2,4.80065236213069,"[13, 13, 2]",two-tone,4.80065236213069
134,"[13, 13, 12]",two-tone,1,1,1,7.452941217983072,"[13, 13, 12]",two-tone,7.452941217983072
135,"[13, 13, 11]",two-tone,2,2,2,7.531637774661133,"[13, 13, 11]",two-tone,7.531637774661133
136,"[13, 13, 10]",two-tone,1,1,1,4.7147415981120036,"[13, 13, 10]",two-tone,4.7147415981120036
137,"[13, 12, 9]",two-tone,2,2,2,6.30634715826991,"[13, 12, 9]",two-tone,6.30634715826991
138,"[13, 12, 8]",two-tone,1,1,1,7.047275568104078,"[13, 12, 8]",two-tone,7.047275568104078
139,"[13, 12, 7]",two-tone,1,1,1,7.3596172728539635,"[13, 12, 7]",two-tone,7.3596172728539635
140,"[13, 12, 6]",two-tone,1,1,1,7.671925063460552,"[13, 12, 6]",two-tone,7.671925063460552
141,"[13, 12, 5]",two-tone,1,1,1,8.415446907594447,"[13, 12, 5]",two-tone,8.415446907594447
142,"[13, 12, 4]",two-tone,1,1,1,8.431170439825632,"[13, 12, 4]",two-tone,8.431170439825632
143,"[13, 12, 3]",two-tone,1,1,1,8.441457404332796,"[13, 12, 3]",two-tone,8.441457404332796
144,"[13, 12, 2]",two-tone,1,1,1,8.434847570094448,"[13, 12, 2]",two-tone,8.434847570094448
145,"[13, 12, 12]",two-tone,1,1,1,5.928696532399628,"[13, 12, 12]",two-tone,5.928696532399628
146,"[13, 12, 11]",two-tone,2,2,2,2.188007541208557,"[13, 12, 11]",two-tone,2.188007541208557
147,"[13, 12, 10]",two-tone,16,11,8,6.857786009064009,"[13, 12, 10]",two-tone,6.857786009064009
148,"[13, 11, 9]",two-tone,2,2,2,3.1038394156383475,"[13, 11, 9]",two-tone,3.1038394156383475
149,"[13, 11, 8]",two-tone,1,1,1,6.573904876993094,"[13, 11, 8]",two-tone,6.573904876993094
150,"[13, 11, 7]",two-tone,1,1,1,6.841959195916702,"[13, 11, 7]",two-tone,6.841959195916702
151,"[13, 11, 6]",two-tone,2,2,2,7.892550379216206,"[13, 11, 6]",two-tone,7.892550379216206
152,"[13, 11, 5]",two-tone,2,2,2,8.573371233279541,"[13, 11, 5]",two-tone,8.573371233279541
153,"[13, 11, 4]",two-tone,2,2,2,8.565881350154543,"[13, 11, 4]",two-tone,8.565881350154543
154,"[13, 11, 3]",two-tone,2,2,2,8.56985110565454,"[13, 11, 3]",two-tone,8.56985110565454
155,"[13, 11, 2]",two-tone,1,1,1,8.572160086196206,"[13, 11, 2]",two-tone,8.572160086196206
156,"[13, 11, 11]",two-tone,1,1,1,5.550819572122939,"[13, 11, 11]",two-tone,5.550819572122939
157,"[13, 11, 10]",two-tone,2,2,2,6.175234141570453,"[13, 11, 10]",two-tone,6.175234141570453
158,"[13, 10, 9]",two-tone,15,10,7,1.016833099983962,"[13, 10, 9]",two-tone,1.016833099983962
159,"[13, 10, 8]",two-tone,1,1,1,2.789958503016686,"[13, 10, 8]",two-tone,2.789958503016686
160,"[13, 10, 7]",two-tone,1,1,1,2.939299922266473,"[13, 10, 7]",two-tone,2.939299922266473
161,"[13, 10, 6]",two-tone,1,1,1,3.16873426757764,"[13, 10, 6]",two-tone,3.16873426757764
162,"[13, 10, 5]",two-tone,1,1,1,4.436664796861941,"[13, 10, 5]",two-tone,4.436664796861941
163,"[13, 10, 4]",two-tone,1,1,1,4.454405446610873,"[13, 10, 4]",two-tone,4.454405446610873
164,"[13, 10, 3]",two-tone,1,1,1,4.421578306639447,"[13, 10, 3]",two-tone,4.421578306639447
165,"[13, 10, 2]",two-tone,1,1,1,4.456303355408585,"[13, 10, 2]",two-tone,4.456303355408585
166,"[13, 10, 10]",two-tone,1,1,1,0.9071585729929064,"[13, 10, 10]",two-tone,0.9071585729929064
167,"[12, 9, 9]",two-tone,1,1,1,3.473996725635696,"[12, 9, 9]",two-tone,3.473996725635696
168,"[12, 9, 8]",two-tone,2,2,2,4.068387037410727,"[12, 9, 8]",two-tone,4.068387037410727
169,"[12, 9, 7]",two-tone,1,1,1,4.705488305194697,"[12, 9, 7]",two-tone,4.705488305194697
170,"[12, 9, 6]",two-tone,1,1,1,4.898022414138361,"[12, 9, 6]",two-tone,4.898022414138361
171,"[12, 9, 5]",two-tone,1,1,1,5.898414455595403,"[12, 9, 5]",two-tone,5.898414455595403
172,"[12, 9, 4]",two-tone,1,1,1,5.959442964046105,"[12, 9, 4]",two-tone,5.959442964046105
173,"[12, 9, 3]",two-tone,1,1,1,5.970576532108001,"[12, 9, 3]",two-tone,5.970576532108001
174,"[12, 9, 2]",two-tone,1,1,1,5.983183011754893,"[12, 9, 2]",two-tone,5.983183011754893
175,"[12, 8, 8]",two-tone,1,1,1,4.658466476262827,"[12, 8, 8]",two-tone,4.658466476262827
176,"[12, 8, 7]",two-tone,1,1,1,4.12122144296784,"[12, 8, 7]",two-tone,4.12122144296784
177,"[12, 8, 6]",two-tone,2,2,2,4.283217619648796,"[12, 8, 6]",two-tone,4.283217619648796
178,"[12, 8, 5]",two-tone,2,2,2,6.084912815385543,"[12, 8, 5]",two-tone,6.084912815385543
179,"[12, 8, 4]",two-tone,2,2,2,6.127056337020912,"[12, 8, 4]",two-tone,6.127056337020912
180,"[12, 8, 3]",two-tone,2,2,2,6.1819552832728695,"[12, 8, 3]",two-tone,6.1819552832728695
181,"[12, 8, 2]",two-tone,1,1,1,6.1726688691414155,"[12, 8, 2]",two-tone,6.1726688691414155
182,"[12, 7, 7]",two-tone,1,1,1,2.511984123577294,"[12, 7, 7]",two-tone,2.511984123577294
183,"[12, 7, 6]",two-tone,1,1,1,3.5846809421533354,"[12, 7, 6]",two-tone,3.5846809421533354
184,"[12, 7, 5]",two-tone,3,2,2,2.778542797654296,"[12, 7, 5]",two-tone,2.778542797654296
185,"[12, 7, 4]",two-tone,2,2,2,2.8500436645557032,"[12, 7, 4]",two-tone,2.8500436645557032
186,"[12, 7, 3]",two-tone,2,2,2,2.8781987030533553,"[12, 7, 3]",two-tone,2.8781987030533553
187,"[12, 7, 2]",two-tone,1,1,1,2.8864371194070357,"[12, 7, 2]",two-tone,2.8864371194070357
188,"[12, 6, 6]",two-tone,1,1,1,2.502239667317514,"[12, 6, 6]",two-tone,2.502239667317514
189,"[12, 6, 5]",two-tone,3,2,2,2.7812678020361425,"[12, 6, 5]",two-tone,2.7812678020361425
190,"[12, 6, 4]",two-tone,2,2,2,2.8331061115823077,"[12, 6, 4]",two-tone,2.8331061115823077
191,"[12, 6, 3]",two-tone,1,1,1,2.8687844587654068,"[12, 6, 3]",two-tone,2.8687844587654068
192,"[12, 6, 2]",two-tone,2,2,2,2.8807184033663447,"[12, 6, 2]",two-tone,2.8807184033663447
193,"[12, 5, 5]",two-tone,1,1,1,3.450328699798521,"[12, 5, 5]",two-tone,3.450328699798521
194,"[12, 5, 4]",two-tone,3,2,2,4.534800442734589,"[12, 5, 4]",two-tone,4.534800442734589
195,"[12, 5, 3]",two-tone,2,2,2,4.59618424904445,"[12, 5, 3]",two-tone,4.59618424904445
196,"[12, 5, 2]",two-tone,3,2,2,4.6263084660960905,"[12, 5, 2]",two-tone,4.6263084660960905
197,"[12, 4, 4]",two-tone,1,1,1,3.4593143460708213,"[12, 4, 4]",two-tone,3.4593143460708213
198,"[12, 4, 3]",two-tone,2,2,2,4.5882603434669855,"[12, 4, 3]",two-tone,4.5882603434669855
199,"[12, 4, 2]",two-tone,3,2,2,4.6279610058144005,"[12, 4, 2]",two-tone,4.6279610058144005
200,"[12, 3, 3]",two-tone,3,2,2,3.453709461676456,"[12, 3, 3]",two-tone,3.453709461676456
201,"[12, 3, 2]",two-tone,1,1,1,4.603426719354307,"[12, 3, 2]",two-tone,4.603426719354307
202,"[12, 2, 2]",two-tone,1,1,1,3.458865662765657,"[12, 2, 2]",two-tone,3.458865662765657
203,"[12, 12, 9]",two-tone,1,1,1,4.4613685323319645,"[12, 12, 9]",two-tone,4.4613685323319645
204,"[12, 12, 8]",two-tone,1,1,1,4.080150448515299,"[12, 12, 8]",two-tone,4.080150448515299
205,"[12, 12, 7]",two-tone,2,2,2,0.4125105114780685,"[12, 12, 7]",two-tone,0.4125105114780685
206,"[12, 12, 6]",two-tone,3,2,2,0.526412561878054,"[12, 12, 6]",two-tone,0.526412561878054
207,"[12, 12, 5]",two-tone,1,1,1,1.8831668877091683,"[12, 12, 5]",two-tone,1.8831668877091683
208,"[12, 12, 4]",two-tone,3,2,2,1.8916674612741755,"[12, 12, 4]",two-tone,1.8916674612741755
209,"[12, 12, 3]",two-tone,2,2,2,1.8837536610935728,"[12, 12, 3]",two-tone,1.8837536610935728
210,"[12, 12, 2]",two-tone,1,1,1,1.8882253739598944,"[12, 12, 2]",two-tone,1.8882253739598944
211,"[12, 12, 11]",two-tone,2,2,2,5.894206390054254,"[12, 12, 11]",two-tone,5.894206390054254
212,"[12, 12, 10]",two-tone,1,1,1,1.6146631291322666,"[12, 12, 10]",two-tone,1.6146631291322666
213,"[12, 11, 9]",two-tone,1,1,1,-0.3856076963526331,"[12, 11, 9]",two-tone,-0.3856076963526331
214,"[12, 11, 8]",two-tone,1,1,1,0.8897612861869706,"[12, 11, 8]",two-tone,0.8897612861869706
215,"[12, 11, 7]",two-tone,2,2,2,6.25982918156615,"[12, 11, 7]",two-tone,6.25982918156615
216,"[12, 11, 6]",two-tone,2,2,2,6.595532910573507,"[12, 11, 6]",two-tone,6.595532910573507
217,"[12, 11, 5]",two-tone,1,1,1,7.62898905805512,"[12, 11, 5]",two-tone,7.62898905805512
218,"[12, 11, 4]",two-tone,2,2,2,7.62077602874174,"[12, 11, 4]",two-tone,7.62077602874174
219,"[12, 11, 3]",two-tone,1,1,1,7.640660308143151,"[12, 11, 3]",two-tone,7.640660308143151
220,"[12, 11, 2]",two-tone,2,2,2,7.631629226805122,"[12, 11, 2]",two-tone,7.631629226805122
221,"[12, 11, 11]",two-tone,1,1,1,4.898286517869576,"[12, 11, 11]",two-tone,4.898286517869576
222,"[12, 11, 10]",two-tone,8,6,4,9.043746093889672,"[12, 11, 10]",two-tone,9.043746093889672
223,"[12, 10, 9]",two-tone,1,1,1,0.4404300814236657,"[12, 10, 9]",two-tone,0.4404300814236657
224,"[12, 10, 8]",two-tone,1,1,1,2.028982650263479,"[12, 10, 8]",two-tone,2.028982650263479
225,"[12, 10, 7]",two-tone,1,1,1,1.8678653674827783,"[12, 10, 7]",two-tone,1.8678653674827783
226,"[12, 10, 6]",two-tone,1,1,1,2.071499552872272,"[12, 10, 6]",two-tone,2.071499552872272
227,"[12, 10, 5]",two-tone,1,1,1,3.618757544794188,"[12, 10, 5]",two-tone,3.618757544794188
228,"[12, 10, 4]",two-tone,1,1,1,3.59795988751536,"[12, 10, 4]",two-tone,3.59795988751536
229,"[12, 10, 3]",two-tone,1,1,1,3.612391903323279,"[12, 10, 3]",two-tone,3.612391903323279
230,"[12, 10, 2]",two-tone,1,1,1,3.586872263954904,"[12, 10, 2]",two-tone,3.586872263954904
231,"[12, 10, 10]",two-tone,1,1,1,-0.23496336149087416,"[12, 10, 10]",two-tone,-0.23496336149087416
232,"[11, 9, 9]",two-tone,2,2,2,3.307789670108685,"[11, 9, 9]",two-tone,3.307789670108685
233,"[11, 9, 8]",two-tone,1,1,1,-1.0296713348917752,"[11, 9, 8]",two-tone,-1.0296713348917752
234,"[11, 9, 7]",two-tone,1,1,1,2.6382114335583133,"[11, 9, 7]",two-tone,2.6382114335583133
235,"[11, 9, 6]",two-tone,1,1,1,4.219804223775353,"[11, 9, 6]",two-tone,4.219804223775353
236,"[11, 9, 5]",two-tone,1,1,1,5.0308633805077685,"[11, 9, 5]",two-tone,5.0308633805077685
237,"[11, 9, 4]",two-tone,2,2,2,5.067852462047939,"[11, 9, 4]",two-tone,5.067852462047939
238,"[11, 9, 3]",two-tone,2,2,2,5.063950586172334,"[11, 9, 3]",two-tone,5.063950586172334
239,"[11, 9, 2]",two-tone,1,1,1,5.079769051155675,"[11, 9, 2]",two-tone,5.079769051155675
240,"[11, 8, 8]",two-tone,3,2,2,4.595800139736351,"[11, 8, 8]",two-tone,4.595800139736351
241,"[11, 8, 7]",two-tone,2,2,2,1.4669420568560407,"[11, 8, 7]",two-tone,1.4669420568560407
242,"[11, 8, 6]",two-tone,1,1,1,4.820112932239602,"[11, 8, 6]",two-tone,4.820112932239602
243,"[11, 8, 5]",two-tone,3,2,2,5.619523755495528,"[11, 8, 5]",two-tone,5.619523755495528
244,"[11, 8, 4]",two-tone,2,2,2,5.664110881007859,"[11, 8, 4]",two-tone,5.664110881007859
245,"[11, 8, 3]",two-tone,3,2,2,5.706155682421558,"[11, 8, 3]",two-tone,5.706155682421558
246,"[11, 8, 2]",two-tone,3,2,2,5.690023561994161,"[11, 8, 2]",two-tone,5.690023561994161
247,"[11, 7, 7]",two-tone,1,1,1,4.697090930845661,"[11, 7, 7]",two-tone,4.697090930845661
248,"[11, 7, 6]",two-tone,1,1,1,4.8474662797374855,"[11, 7, 6]",two-tone,4.8474662797374855
249,"[11, 7, 5]",two-tone,1,1,1,5.738563445242651,"[11, 7, 5]",two-tone,5.738563445242651
250,"[11, 7, 4]",two-tone,2,2,2,5.795950495127579,"[11, 7, 4]",two-tone,5.795950495127579
251,"[11, 7, 3]",two-tone,1,1,1,5.8226106927495005,"[11, 7, 3]",two-tone,5.8226106927495005
252,"[11, 7, 2]",two-tone,1,1,1,5.838829977056348,"[11, 7, 2]",two-tone,5.838829977056348
253,"[11, 6, 6]",two-tone,2,2,2,3.7216635883444096,"[11, 6, 6]",two-tone,3.7216635883444096
254,"[11, 6, 5]",two-tone,1,1,1,4.047031807458729,"[11, 6, 5]",two-tone,4.047031807458729
255,"[11, 6, 4]",two-tone,2,2,2,4.102343108280645,"[11, 6, 4]",two-tone,4.102343108280645
256,"[11, 6, 3]",two-tone,1,1,1,4.126298537321742,"[11, 6, 3]",two-tone,4.126298537321742
257,"[11, 6, 2]",two-tone,1,1,1,4.137388889376536,"[11, 6, 2]",two-tone,4.137388889376536
258,"[11, 5, 5]",two-tone,1,1,1,4.520452696032977,"[11, 5, 5]",two-tone,4.520452696032977
259,"[11, 5, 4]",two-tone,2,2,2,5.479823950177688,"[11, 5, 4]",two-tone,5.479823950177688
260,"[11, 5, 3]",two-tone,1,1,1,5.522715476152396,"[11, 5, 3]",two-tone,5.522715476152396
261,"[11, 5, 2]",two-tone,3,2,2,5.558499633686645,"[11, 5, 2]",two-tone,5.558499633686645
262,"[11, 4, 4]",two-tone,1,1,1,4.521023783177337,"[11, 4, 4]",two-tone,4.521023783177337
263,"[11, 4, 3]",two-tone,1,1,1,5.540129100283065,"[11, 4, 3]",two-tone,5.540129100283065
264,"[11, 4, 2]",two-tone,1,1,1,5.5412460870586155,"[11, 4, 2]",two-tone,5.5412460870586155
265,"[11, 3, 3]",two-tone,3,2,2,4.513845087655736,"[11, 3, 3]",two-tone,4.513845087655736
266,"[11, 3, 2]",two-tone,1,1,1,5.551656182053347,"[11, 3, 2]",two-tone,5.551656182053347
267,"[11, 2, 2]",two-tone,1,1,1,4.510472267318538,"[11, 2, 2]",two-tone,4.510472267318538
268,"[11, 11, 9]",two-tone,2,2,2,3.580183190151413,"[11, 11, 9]",two-tone,3.580183190151413
269,"[11, 11, 8]",two-tone,2,2,2,3.9189322496918937,"[11, 11, 8]",two-tone,3.9189322496918937
270,"[11, 11, 7]",two-tone,2,2,2,3.566386556520167,"[11, 11, 7]",two-tone,3.566386556520167
271,"[11, 11, 6]",two-tone,1,1,1,2.21804056185174,"[11, 11, 6]",two-tone,2.21804056185174
272,"[11, 11, 5]",two-tone,1,1,1,3.300866611277108,"[11, 11, 5]",two-tone,3.300866611277108
273,"[11, 11, 4]",two-tone,1,1,1,3.305140828100104,"[11, 11, 4]",two-tone,3.305140828100104
274,"[11, 11, 3]",two-tone,1,1,1,3.3042621141409723,"[11, 11, 3]",two-tone,3.3042621141409723
275,"[11, 11, 2]",two-tone,2,2,2,3.309853060237609,"[11, 11, 2]",two-tone,3.309853060237609
276,"[11, 11, 10]",two-tone,1,1,1,2.046413889954347,"[11, 11, 10]",two-tone,2.046413889954347
277,"[11, 10, 9]",two-tone,8,6,4,0.01840106658602443,"[11, 10, 9]",two-tone,0.01840106658602443
278,"[11, 10, 8]",two-tone,1,1,1,1.8421214451229009,"[11, 10, 8]",two-tone,1.8421214451229009
279,"[11, 10, 7]",two-tone,1,1,1,1.741190162011249,"[11, 10, 7]",two-tone,1.741190162011249
280,"[11, 10, 6]",two-tone,1,1,1,1.86622109349338,"[11, 10, 6]",two-tone,1.86622109349338
281,"[11, 10, 5]",two-tone,1,1,1,3.4906104736090438,"[11, 10, 5]",two-tone,3.4906104736090438
282,"[11, 10, 4]",two-tone,1,1,1,3.48166877541991,"[11, 10, 4]",two-tone,3.48166877541991
283,"[11, 10, 3]",two-tone,1,1,1,3.5005727394038115,"[11, 10, 3]",two-tone,3.5005727394038115
284,"[11, 10, 2]",two-tone,1,1,1,3.499114617472222,"[11, 10, 2]",two-tone,3.499114617472222
285,"[11, 10, 10]",two-tone,1,1,1,0.10581913193306568,"[11, 10, 10]",two-tone,0.10581913193306568
286,"[10, 9, 9]",two-tone,1,1,1,1.5949993500166317,"[10, 9, 9]",two-tone,1.5949993500166317
287,"[10, 9, 8]",two-tone,1,1,1,-0.6156117830860854,"[10, 9, 8]",two-tone,-0.6156117830860854
288,"[10, 9, 7]",two-tone,1,1,1,0.3626233012041326,"[10, 9, 7]",two-tone,0.3626233012041326
289,"[10, 9, 6]",two-tone,1,1,1,0.4595612633603947,"[10, 9, 6]",two-tone,0.4595612633603947
290,"[10, 9, 5]",two-tone,1,1,1,2.0504114192004246,"[10, 9, 5]",two-tone,2.0504114192004246
291,"[10, 9, 4]",two-tone,1,1,1,2.0577948634641605,"[10, 9, 4]",two-tone,2.0577948634641605
292,"[10, 9, 3]",two-tone,1,1,1,2.0713753623432822,"[10, 9, 3]",two-tone,2.0713753623432822
293,"[10, 9, 2]",two-tone,1,1,1,2.0584817109586653,"[10, 9, 2]",two-tone,2.0584817109586653
294,"[10, 8, 8]",two-tone,1,1,1,2.391386810367369,"[10, 8, 8]",two-tone,2.391386810367369
295,"[10, 8, 7]",two-tone,2,2,2,2.534638599936472,"[10, 8, 7]",two-tone,2.534638599936472
296,"[10, 8, 6]",two-tone,1,1,1,1.8358024344748611,"[10, 8, 6]",two-tone,1.8358024344748611
297,"[10, 8, 5]",two-tone,1,1,1,3.062066517206904,"[10, 8, 5]",two-tone,3.062066517206904
298,"[10, 8, 4]",two-tone,2,2,2,3.045668792201488,"[10, 8, 4]",two-tone,3.045668792201488
299,"[10, 8, 3]",two-tone,2,2,2,3.0714562731548987,"[10, 8, 3]",two-tone,3.0714562731548987
300,"[10, 8, 2]",two-tone,1,1,1,3.079227087683609,"[10, 8, 2]",two-tone,3.079227087683609
301,"[10, 7, 7]",two-tone,1,1,1,0.8795571092280832,"[10, 7, 7]",two-tone,0.8795571092280832
302,"[10, 7, 6]",two-tone,3,2,2,0.5297411387719664,"[10, 7, 6]",two-tone,0.5297411387719664
303,"[10, 7, 5]",two-tone,2,2,2,1.2487132470935796,"[10, 7, 5]",two-tone,1.2487132470935796
304,"[10, 7, 4]",two-tone,2,2,2,1.2415915849592338,"[10, 7, 4]",two-tone,1.2415915849592338
305,"[10, 7, 3]",two-tone,1,1,1,1.2702107940058214,"[10, 7, 3]",two-tone,1.2702107940058214
306,"[10, 7, 2]",two-tone,1,1,1,1.278965256031823,"[10, 7, 2]",two-tone,1.278965256031823
307,"[10, 6, 6]",two-tone,2,2,2,0.8596508617172278,"[10, 6, 6]",two-tone,0.8596508617172278
308,"[10, 6, 5]",two-tone,1,1,1,1.2442993052519296,"[10, 6, 5]",two-tone,1.2442993052519296
309,"[10, 6, 4]",two-tone,1,1,1,1.2453430567687211,"[10, 6, 4]",two-tone,1.2453430567687211
310,"[10, 6, 3]",two-tone,2,2,2,1.2761821996722977,"[10, 6, 3]",two-tone,1.2761821996722977
311,"[10, 6, 2]",two-tone,3,2,2,1.2839419962595124,"[10, 6, 2]",two-tone,1.2839419962595124
312,"[10, 5, 5]",two-tone,2,2,2,1.911661266772416,"[10, 5, 5]",two-tone,1.911661266772416
313,"[10, 5, 4]",two-tone,2,2,2,2.634515407504792,"[10, 5, 4]",two-tone,2.634515407504792
314,"[10, 5, 3]",two-tone,2,2,2,2.665297700540135,"[10, 5, 3]",two-tone,2.665297700540135
315,"[10, 5, 2]",two-tone,2,2,2,2.685683649812484,"[10, 5, 2]",two-tone,2.685683649812484
316,"[10, 4, 4]",two-tone,1,1,1,1.9225457011799008,"[10, 4, 4]",two-tone,1.9225457011799008
317,"[10, 10, 9]",two-tone,1,1,1,0.27385424180453555,"[10, 10, 9]",two-tone,0.27385424180453555
318,"[10, 10, 8]",two-tone,2,2,2,-0.21908023542674449,"[10, 10, 8]",two-tone,-0.21908023542674449
319,"[10, 10, 7]",two-tone,1,1,1,-1.931303543896691,"[10, 10, 7]",two-tone,-1.931303543896691
320,"[10, 10, 6]",two-tone,1,1,1,-1.8786396275314123,"[10, 10, 6]",two-tone,-1.8786396275314123
321,"[10, 10, 5]",two-tone,1,1,1,-0.5088781781351737,"[10, 10, 5]",two-tone,-0.5088781781351737
322,"[10, 10, 4]",two-tone,1,1,1,-0.5127722316611552,"[10, 10, 4]",two-tone,-0.5127722316611552
323,"[10, 10, 3]",two-tone,2,2,2,-0.5131297618081025,"[10, 10, 3]",two-tone,-0.5131297618081025
324,"[10, 10, 2]",two-tone,2,2,2,-0.5236735982344016,"[10, 10, 2]",two-tone,-0.5236735982344016
