,flop,board_type,0b,1b,2b,profit,flop,max_profit
0,"[9, 9, 8]",two-tone,15,10,7,1.8443119502443748,"[9, 9, 8]",1.8443119502443748
1,"[9, 9, 7]",two-tone,15,10,7,1.7421096459164467,"[9, 9, 7]",1.7421096459164467
2,"[9, 9, 6]",two-tone,16,11,8,1.7257007620479132,"[9, 9, 6]",1.7257007620479132
3,"[9, 9, 5]",two-tone,16,11,8,1.7034120508656072,"[9, 9, 5]",1.7034120508656072
4,"[9, 9, 4]",two-tone,16,11,8,1.7470165666566526,"[9, 9, 4]",1.7470165666566526
5,"[9, 9, 3]",two-tone,16,11,8,1.6989849291144032,"[9, 9, 3]",1.6989849291144032
6,"[9, 9, 2]",two-tone,16,11,8,1.6670638835545382,"[9, 9, 2]",1.6670638835545382
7,"[9, 8, 8]",two-tone,15,10,7,1.9928794804853815,"[9, 8, 8]",1.9928794804853815
8,"[9, 8, 7]",two-tone,16,11,8,1.8379873116460288,"[9, 8, 7]",1.8379873116460288
9,"[9, 8, 6]",two-tone,15,10,7,1.761916349844781,"[9, 8, 6]",1.761916349844781
10,"[9, 8, 5]",two-tone,16,11,8,1.7904313376336252,"[9, 8, 5]",1.7904313376336252
11,"[9, 8, 4]",two-tone,15,10,7,1.7046956177559285,"[9, 8, 4]",1.7046956177559285
12,"[9, 8, 3]",two-tone,16,11,8,1.6635231484490043,"[9, 8, 3]",1.6635231484490043
13,"[9, 8, 2]",two-tone,15,10,7,1.6273021316851866,"[9, 8, 2]",1.6273021316851866
14,"[9, 7, 7]",two-tone,16,11,8,1.8708873823221144,"[9, 7, 7]",1.8708873823221144
15,"[9, 7, 6]",two-tone,15,10,7,1.7721161842319857,"[9, 7, 6]",1.7721161842319857
16,"[9, 7, 5]",two-tone,15,10,7,1.7082821481770272,"[9, 7, 5]",1.7082821481770272
17,"[9, 7, 4]",two-tone,16,11,8,1.6373956696182144,"[9, 7, 4]",1.6373956696182144
18,"[9, 7, 3]",two-tone,16,11,8,1.588974690294968,"[9, 7, 3]",1.588974690294968
19,"[9, 7, 2]",two-tone,16,11,8,1.573233935971876,"[9, 7, 2]",1.573233935971876
20,"[9, 6, 6]",two-tone,16,11,8,1.9153239063589995,"[9, 6, 6]",1.9153239063589995
21,"[9, 6, 5]",two-tone,16,11,8,1.8052583387143653,"[9, 6, 5]",1.8052583387143653
22,"[9, 6, 4]",two-tone,16,11,8,1.7452182420306084,"[9, 6, 4]",1.7452182420306084
23,"[9, 6, 3]",two-tone,16,11,8,1.6956488517846666,"[9, 6, 3]",1.6956488517846666
24,"[9, 6, 2]",two-tone,16,11,8,1.6732819568341228,"[9, 6, 2]",1.6732819568341228
25,"[9, 5, 5]",two-tone,16,11,8,1.9046961794929576,"[9, 5, 5]",1.9046961794929576
26,"[9, 5, 4]",two-tone,16,11,8,1.8553617510721816,"[9, 5, 4]",1.8553617510721816
27,"[9, 5, 3]",two-tone,16,11,8,1.8006203237754146,"[9, 5, 3]",1.8006203237754146
28,"[9, 5, 2]",two-tone,16,11,8,1.762743731706282,"[9, 5, 2]",1.762743731706282
29,"[9, 4, 4]",two-tone,16,11,8,1.941723287003968,"[9, 4, 4]",1.941723287003968
30,"[9, 4, 3]",two-tone,16,11,8,1.9151324592215015,"[9, 4, 3]",1.9151324592215015
31,"[9, 4, 2]",two-tone,16,11,8,1.8837431003540297,"[9, 4, 2]",1.8837431003540297
32,"[9, 3, 3]",two-tone,16,11,8,1.9133107712643682,"[9, 3, 3]",1.9133107712643682
33,"[9, 3, 2]",two-tone,16,11,8,1.8986544664156624,"[9, 3, 2]",1.8986544664156624
34,"[9, 2, 2]",two-tone,16,11,8,1.900053283806262,"[9, 2, 2]",1.900053283806262
35,"[8, 8, 7]",two-tone,16,11,8,1.7486800191214722,"[8, 8, 7]",1.7486800191214722
36,"[8, 8, 6]",two-tone,16,11,8,1.732006446332844,"[8, 8, 6]",1.732006446332844
37,"[8, 8, 5]",two-tone,16,11,8,1.6969828953798352,"[8, 8, 5]",1.6969828953798352
38,"[8, 8, 4]",two-tone,16,11,8,1.7342824603683802,"[8, 8, 4]",1.7342824603683802
39,"[8, 8, 3]",two-tone,16,11,8,1.705457292243083,"[8, 8, 3]",1.705457292243083
40,"[8, 8, 2]",two-tone,16,11,8,1.664779954578755,"[8, 8, 2]",1.664779954578755
41,"[8, 7, 7]",two-tone,16,11,8,1.9394720528264853,"[8, 7, 7]",1.9394720528264853
42,"[8, 7, 6]",two-tone,16,11,8,1.7860746622015269,"[8, 7, 6]",1.7860746622015269
43,"[8, 7, 5]",two-tone,16,11,8,1.778534228407067,"[8, 7, 5]",1.778534228407067
44,"[8, 7, 4]",two-tone,16,11,8,1.767463503716025,"[8, 7, 4]",1.767463503716025
45,"[8, 7, 3]",two-tone,16,11,8,1.665444626027143,"[8, 7, 3]",1.665444626027143
46,"[8, 7, 2]",two-tone,16,11,8,1.626445623617082,"[8, 7, 2]",1.626445623617082
47,"[8, 6, 6]",two-tone,16,11,8,1.9356274702391845,"[8, 6, 6]",1.9356274702391845
48,"[8, 6, 5]",two-tone,16,11,8,1.8413059297230767,"[8, 6, 5]",1.8413059297230767
49,"[8, 6, 4]",two-tone,16,11,8,1.8234587926843744,"[8, 6, 4]",1.8234587926843744
50,"[8, 6, 3]",two-tone,16,11,8,1.7270365738657247,"[8, 6, 3]",1.7270365738657247
51,"[8, 6, 2]",two-tone,16,11,8,1.681668191830986,"[8, 6, 2]",1.681668191830986
52,"[8, 5, 5]",two-tone,16,11,8,1.9152914305725657,"[8, 5, 5]",1.9152914305725657
53,"[8, 5, 4]",two-tone,16,11,8,1.8724076990191767,"[8, 5, 4]",1.8724076990191767
54,"[8, 5, 3]",two-tone,16,11,8,1.8170469212123341,"[8, 5, 3]",1.8170469212123341
55,"[8, 5, 2]",two-tone,16,11,8,1.768155102214301,"[8, 5, 2]",1.768155102214301
56,"[8, 4, 4]",two-tone,16,11,8,1.9389526224101303,"[8, 4, 4]",1.9389526224101303
57,"[8, 4, 3]",two-tone,16,11,8,1.93049079223138,"[8, 4, 3]",1.93049079223138
58,"[8, 4, 2]",two-tone,16,11,8,1.8738107756975555,"[8, 4, 2]",1.8738107756975555
59,"[8, 3, 3]",two-tone,16,11,8,1.9290601629479376,"[8, 3, 3]",1.9290601629479376
60,"[8, 3, 2]",two-tone,16,11,8,1.9141076446614589,"[8, 3, 2]",1.9141076446614589
61,"[8, 2, 2]",two-tone,16,11,8,1.9104268469204944,"[8, 2, 2]",1.9104268469204944
62,"[7, 7, 6]",two-tone,16,11,8,1.7748855991347032,"[7, 7, 6]",1.7748855991347032
63,"[7, 7, 5]",two-tone,16,11,8,1.7382602280185755,"[7, 7, 5]",1.7382602280185755
64,"[7, 7, 4]",two-tone,16,11,8,1.7276646769654762,"[7, 7, 4]",1.7276646769654762
65,"[7, 7, 3]",two-tone,16,11,8,1.69192740939693,"[7, 7, 3]",1.69192740939693
66,"[7, 7, 2]",two-tone,16,11,8,1.659652281080519,"[7, 7, 2]",1.659652281080519
67,"[7, 6, 6]",two-tone,16,11,8,1.9906895352921303,"[7, 6, 6]",1.9906895352921303
68,"[7, 6, 5]",two-tone,16,11,8,1.9083310923496803,"[7, 6, 5]",1.9083310923496803
69,"[7, 6, 4]",two-tone,16,11,8,1.9281766506225968,"[7, 6, 4]",1.9281766506225968
70,"[7, 6, 3]",two-tone,16,11,8,1.855957545635912,"[7, 6, 3]",1.855957545635912
71,"[7, 6, 2]",two-tone,16,11,8,1.7572364576480568,"[7, 6, 2]",1.7572364576480568
72,"[7, 5, 5]",two-tone,16,11,8,1.9344017578689527,"[7, 5, 5]",1.9344017578689527
73,"[7, 5, 4]",two-tone,16,11,8,1.9411442775572425,"[7, 5, 4]",1.9411442775572425
74,"[7, 5, 3]",two-tone,16,11,8,1.928370955804496,"[7, 5, 3]",1.928370955804496
75,"[7, 5, 2]",two-tone,16,11,8,1.796148873710791,"[7, 5, 2]",1.796148873710791
76,"[7, 4, 4]",two-tone,16,11,8,1.9455262360217256,"[7, 4, 4]",1.9455262360217256
77,"[7, 4, 3]",two-tone,16,11,8,1.9234268231689529,"[7, 4, 3]",1.9234268231689529
78,"[7, 4, 2]",two-tone,16,11,8,1.8927772354090355,"[7, 4, 2]",1.8927772354090355
79,"[7, 3, 3]",two-tone,16,11,8,1.926177260224574,"[7, 3, 3]",1.926177260224574
80,"[7, 3, 2]",two-tone,16,11,8,1.9246476791023732,"[7, 3, 2]",1.9246476791023732
81,"[7, 2, 2]",two-tone,16,11,8,1.9159259559093047,"[7, 2, 2]",1.9159259559093047
82,"[6, 6, 5]",two-tone,16,11,8,1.9240923635117997,"[6, 6, 5]",1.9240923635117997
83,"[6, 6, 4]",two-tone,16,11,8,1.8938624568192601,"[6, 6, 4]",1.8938624568192601
84,"[6, 6, 3]",two-tone,16,11,8,1.8604838946841031,"[6, 6, 3]",1.8604838946841031
85,"[6, 6, 2]",two-tone,16,11,8,1.826785917753688,"[6, 6, 2]",1.826785917753688
86,"[6, 5, 5]",two-tone,16,11,8,2.0398049716247355,"[6, 5, 5]",2.0398049716247355
87,"[6, 5, 4]",two-tone,16,11,8,1.9860687430913029,"[6, 5, 4]",1.9860687430913029
88,"[6, 5, 3]",two-tone,16,11,8,2.0071034414853,"[6, 5, 3]",2.0071034414853
89,"[6, 5, 2]",two-tone,16,11,8,1.925132008874564,"[6, 5, 2]",1.925132008874564
90,"[6, 4, 4]",two-tone,16,11,8,2.0296961974847867,"[6, 4, 4]",2.0296961974847867
91,"[6, 4, 3]",two-tone,16,11,8,2.0185908546381777,"[6, 4, 3]",2.0185908546381777
92,"[6, 4, 2]",two-tone,16,11,8,2.0102610283271924,"[6, 4, 2]",2.0102610283271924
93,"[6, 3, 3]",two-tone,16,11,8,2.0060981632017194,"[6, 3, 3]",2.0060981632017194
94,"[6, 3, 2]",two-tone,16,11,8,1.997390855829035,"[6, 3, 2]",1.997390855829035
95,"[6, 2, 2]",two-tone,16,11,8,1.992807103940243,"[6, 2, 2]",1.992807103940243
96,"[5, 5, 4]",two-tone,16,11,8,2.0445610274959005,"[5, 5, 4]",2.0445610274959005
97,"[5, 5, 3]",two-tone,16,11,8,1.997210286422372,"[5, 5, 3]",1.997210286422372
98,"[5, 5, 2]",two-tone,16,11,8,1.9556742743981144,"[5, 5, 2]",1.9556742743981144
99,"[5, 4, 4]",two-tone,16,11,8,2.1362274768835614,"[5, 4, 4]",2.1362274768835614
100,"[5, 4, 3]",two-tone,16,11,8,2.2967388353622367,"[5, 4, 3]",2.2967388353622367
101,"[5, 4, 2]",two-tone,16,11,8,2.267652164676045,"[5, 4, 2]",2.267652164676045
102,"[5, 3, 3]",two-tone,16,11,8,2.1239659332071237,"[5, 3, 3]",2.1239659332071237
103,"[5, 3, 2]",two-tone,16,11,8,2.2891824207821427,"[5, 3, 2]",2.2891824207821427
104,"[5, 2, 2]",two-tone,16,11,8,2.0949940344134,"[5, 2, 2]",2.0949940344134
105,"[4, 4, 3]",two-tone,16,11,8,2.139157698831616,"[4, 4, 3]",2.139157698831616
106,"[4, 4, 2]",two-tone,16,11,8,2.0935617055561804,"[4, 4, 2]",2.0935617055561804
107,"[4, 3, 3]",two-tone,16,11,8,2.1981949342280998,"[4, 3, 3]",2.1981949342280998
108,"[4, 3, 2]",two-tone,16,11,8,2.19370192524388,"[4, 3, 2]",2.19370192524388
109,"[4, 2, 2]",two-tone,16,11,8,2.1931102410505834,"[4, 2, 2]",2.1931102410505834
110,"[3, 3, 2]",two-tone,16,11,8,2.1755028698244656,"[3, 3, 2]",2.1755028698244656
111,"[3, 2, 2]",two-tone,16,11,8,2.2299334717311257,"[3, 2, 2]",2.2299334717311257
112,"[14, 9, 9]",two-tone,16,11,8,2.320467534380138,"[14, 9, 9]",2.320467534380138
113,"[14, 9, 8]",two-tone,16,11,8,2.2172105930911443,"[14, 9, 8]",2.2172105930911443
114,"[14, 9, 7]",two-tone,16,11,8,1.984411781786381,"[14, 9, 7]",1.984411781786381
115,"[14, 9, 6]",two-tone,16,11,8,1.9664972168613268,"[14, 9, 6]",1.9664972168613268
116,"[14, 9, 5]",two-tone,16,11,8,1.9994377334068631,"[14, 9, 5]",1.9994377334068631
117,"[14, 9, 4]",two-tone,16,11,8,2.0513599062076096,"[14, 9, 4]",2.0513599062076096
118,"[14, 9, 3]",two-tone,16,11,8,1.9766915011061947,"[14, 9, 3]",1.9766915011061947
119,"[14, 9, 2]",two-tone,16,11,8,1.9191156231122544,"[14, 9, 2]",1.9191156231122544
120,"[14, 8, 8]",two-tone,16,11,8,2.271002179618001,"[14, 8, 8]",2.271002179618001
121,"[14, 8, 7]",two-tone,16,11,8,2.208435821569465,"[14, 8, 7]",2.208435821569465
122,"[14, 8, 6]",two-tone,16,11,8,2.043560771567209,"[14, 8, 6]",2.043560771567209
123,"[14, 8, 5]",two-tone,16,11,8,2.082469393712913,"[14, 8, 5]",2.082469393712913
124,"[14, 8, 4]",two-tone,16,11,8,2.1310229752494183,"[14, 8, 4]",2.1310229752494183
125,"[14, 8, 3]",two-tone,16,11,8,2.0775699641921395,"[14, 8, 3]",2.0775699641921395
126,"[14, 8, 2]",two-tone,16,11,8,2.018201257072337,"[14, 8, 2]",2.018201257072337
127,"[14, 7, 7]",two-tone,16,11,8,2.185592606519065,"[14, 7, 7]",2.185592606519065
128,"[14, 7, 6]",two-tone,16,11,8,2.151808345932452,"[14, 7, 6]",2.151808345932452
129,"[14, 7, 5]",two-tone,16,11,8,2.0453222232844563,"[14, 7, 5]",2.0453222232844563
130,"[14, 7, 4]",two-tone,16,11,8,2.1071362786762,"[14, 7, 4]",2.1071362786762
131,"[14, 7, 3]",two-tone,16,11,8,2.052708530647372,"[14, 7, 3]",2.052708530647372
132,"[14, 7, 2]",two-tone,16,11,8,2.0080283868995634,"[14, 7, 2]",2.0080283868995634
133,"[14, 6, 6]",two-tone,16,11,8,2.236469650421179,"[14, 6, 6]",2.236469650421179
134,"[14, 6, 5]",two-tone,16,11,8,2.2094577754049816,"[14, 6, 5]",2.2094577754049816
135,"[14, 6, 4]",two-tone,16,11,8,2.1395992270267707,"[14, 6, 4]",2.1395992270267707
136,"[14, 6, 3]",two-tone,16,11,8,2.0934432576734507,"[14, 6, 3]",2.0934432576734507
137,"[14, 6, 2]",two-tone,16,11,8,2.0518964463730325,"[14, 6, 2]",2.0518964463730325
138,"[14, 5, 5]",two-tone,16,11,8,2.216672543306106,"[14, 5, 5]",2.216672543306106
139,"[14, 5, 4]",two-tone,16,11,8,2.280821602121085,"[14, 5, 4]",2.280821602121085
140,"[14, 5, 3]",two-tone,16,11,8,2.2508088888070104,"[14, 5, 3]",2.2508088888070104
141,"[14, 5, 2]",two-tone,16,11,8,2.0741749264836717,"[14, 5, 2]",2.0741749264836717
142,"[14, 4, 4]",two-tone,16,11,8,2.2550098917261865,"[14, 4, 4]",2.2550098917261865
143,"[14, 4, 3]",two-tone,16,11,8,2.2586942406117663,"[14, 4, 3]",2.2586942406117663
144,"[14, 4, 2]",two-tone,16,11,8,2.2069687121269896,"[14, 4, 2]",2.2069687121269896
145,"[14, 3, 3]",two-tone,16,11,8,2.2318478449981343,"[14, 3, 3]",2.2318478449981343
146,"[14, 3, 2]",two-tone,16,11,8,2.1185794454824274,"[14, 3, 2]",2.1185794454824274
147,"[14, 2, 2]",two-tone,16,11,8,2.2252904390421824,"[14, 2, 2]",2.2252904390421824
148,"[14, 14, 9]",two-tone,16,11,8,2.429585091049956,"[14, 14, 9]",2.429585091049956
149,"[14, 14, 8]",two-tone,16,11,8,2.48024242512545,"[14, 14, 8]",2.48024242512545
150,"[14, 14, 7]",two-tone,16,11,8,2.392852736936225,"[14, 14, 7]",2.392852736936225
151,"[14, 14, 6]",two-tone,16,11,8,2.312365848580749,"[14, 14, 6]",2.312365848580749
152,"[14, 14, 5]",two-tone,16,11,8,2.2976606690761106,"[14, 14, 5]",2.2976606690761106
153,"[14, 14, 4]",two-tone,16,11,8,2.304196630352504,"[14, 14, 4]",2.304196630352504
154,"[14, 14, 3]",two-tone,16,11,8,2.208221726496438,"[14, 14, 3]",2.208221726496438
155,"[14, 14, 2]",two-tone,16,11,8,2.1316772705941607,"[14, 14, 2]",2.1316772705941607
156,"[14, 14, 13]",two-tone,16,11,8,2.8302140130061924,"[14, 14, 13]",2.8302140130061924
157,"[14, 14, 12]",two-tone,16,11,8,2.7960110640468563,"[14, 14, 12]",2.7960110640468563
158,"[14, 14, 11]",two-tone,16,11,8,2.476093380904957,"[14, 14, 11]",2.476093380904957
159,"[14, 14, 10]",two-tone,16,11,8,2.7619519994543187,"[14, 14, 10]",2.7619519994543187
160,"[14, 13, 9]",two-tone,16,11,8,2.3033086833884555,"[14, 13, 9]",2.3033086833884555
161,"[14, 13, 8]",two-tone,16,11,8,2.309933807991869,"[14, 13, 8]",2.309933807991869
162,"[14, 13, 7]",two-tone,16,11,8,2.233227337571736,"[14, 13, 7]",2.233227337571736
163,"[14, 13, 6]",two-tone,16,11,8,2.1880386137838976,"[14, 13, 6]",2.1880386137838976
164,"[14, 13, 5]",two-tone,16,11,8,2.188661451880449,"[14, 13, 5]",2.188661451880449
165,"[14, 13, 4]",two-tone,16,11,8,2.2247676763388298,"[14, 13, 4]",2.2247676763388298
166,"[14, 13, 3]",two-tone,16,11,8,2.1507011238472318,"[14, 13, 3]",2.1507011238472318
167,"[14, 13, 2]",two-tone,16,11,8,2.0915229686056143,"[14, 13, 2]",2.0915229686056143
168,"[14, 13, 13]",two-tone,16,11,8,2.7190672459516287,"[14, 13, 13]",2.7190672459516287
169,"[14, 13, 12]",two-tone,16,11,8,2.798102567406609,"[14, 13, 12]",2.798102567406609
170,"[14, 13, 11]",two-tone,16,11,8,2.693319573715629,"[14, 13, 11]",2.693319573715629
171,"[14, 13, 10]",two-tone,16,11,8,3.6481481346929137,"[14, 13, 10]",3.6481481346929137
172,"[14, 12, 9]",two-tone,16,11,8,2.3156734557904834,"[14, 12, 9]",2.3156734557904834
173,"[14, 12, 8]",two-tone,16,11,8,2.34630362482259,"[14, 12, 8]",2.34630362482259
174,"[14, 12, 7]",two-tone,16,11,8,2.2739236473001023,"[14, 12, 7]",2.2739236473001023
175,"[14, 12, 6]",two-tone,16,11,8,2.2266533998930527,"[14, 12, 6]",2.2266533998930527
176,"[14, 12, 5]",two-tone,16,11,8,2.228710990073808,"[14, 12, 5]",2.228710990073808
177,"[14, 12, 4]",two-tone,16,11,8,2.260306682554692,"[14, 12, 4]",2.260306682554692
178,"[14, 12, 3]",two-tone,16,11,8,2.1894488615318024,"[14, 12, 3]",2.1894488615318024
179,"[14, 12, 2]",two-tone,16,11,8,2.129951791248098,"[14, 12, 2]",2.129951791248098
180,"[14, 12, 12]",two-tone,16,11,8,2.7498302887779724,"[14, 12, 12]",2.7498302887779724
181,"[14, 12, 11]",two-tone,16,11,8,2.7214999164862506,"[14, 12, 11]",2.7214999164862506
182,"[14, 12, 10]",two-tone,16,11,8,3.6376317481016986,"[14, 12, 10]",3.6376317481016986
183,"[14, 11, 9]",two-tone,16,11,8,2.0799342594879358,"[14, 11, 9]",2.0799342594879358
184,"[14, 11, 8]",two-tone,16,11,8,2.108964312005222,"[14, 11, 8]",2.108964312005222
185,"[14, 11, 7]",two-tone,16,11,8,2.0468823663884685,"[14, 11, 7]",2.0468823663884685
186,"[14, 11, 6]",two-tone,16,11,8,2.0365760108077557,"[14, 11, 6]",2.0365760108077557
187,"[14, 11, 5]",two-tone,16,11,8,2.033217488945989,"[14, 11, 5]",2.033217488945989
188,"[14, 11, 4]",two-tone,16,11,8,2.0727085208299254,"[14, 11, 4]",2.0727085208299254
189,"[14, 11, 3]",two-tone,16,11,8,1.9990546464692505,"[14, 11, 3]",1.9990546464692505
190,"[14, 11, 2]",two-tone,16,11,8,1.9392401936276007,"[14, 11, 2]",1.9392401936276007
191,"[14, 11, 11]",two-tone,16,11,8,2.481285624659938,"[14, 11, 11]",2.481285624659938
192,"[14, 11, 10]",two-tone,16,11,8,3.672694365074072,"[14, 11, 10]",3.672694365074072
193,"[14, 10, 9]",two-tone,16,11,8,2.353840619771863,"[14, 10, 9]",2.353840619771863
194,"[14, 10, 8]",two-tone,16,11,8,2.363546640437177,"[14, 10, 8]",2.363546640437177
195,"[14, 10, 7]",two-tone,16,11,8,2.305842546594838,"[14, 10, 7]",2.305842546594838
196,"[14, 10, 6]",two-tone,16,11,8,2.2924124340519505,"[14, 10, 6]",2.2924124340519505
197,"[14, 10, 5]",two-tone,16,11,8,2.310575140767656,"[14, 10, 5]",2.310575140767656
198,"[14, 10, 4]",two-tone,16,11,8,2.3292658314726364,"[14, 10, 4]",2.3292658314726364
199,"[14, 10, 3]",two-tone,16,11,8,2.26089935088228,"[14, 10, 3]",2.26089935088228
200,"[14, 10, 2]",two-tone,16,11,8,2.205759380666667,"[14, 10, 2]",2.205759380666667
201,"[14, 10, 10]",two-tone,16,11,8,2.5474200648151992,"[14, 10, 10]",2.5474200648151992
202,"[13, 9, 9]",two-tone,16,11,8,1.7110946605174964,"[13, 9, 9]",1.7110946605174964
203,"[13, 9, 8]",two-tone,16,11,8,1.5242520548875227,"[13, 9, 8]",1.5242520548875227
204,"[13, 9, 7]",two-tone,15,10,7,1.3579493083381171,"[13, 9, 7]",1.3579493083381171
205,"[13, 9, 6]",two-tone,15,10,7,1.359571994393982,"[13, 9, 6]",1.359571994393982
206,"[13, 9, 5]",two-tone,16,11,8,1.3747953450563208,"[13, 9, 5]",1.3747953450563208
207,"[13, 9, 4]",two-tone,16,11,8,1.4133124015588274,"[13, 9, 4]",1.4133124015588274
208,"[13, 9, 3]",two-tone,16,11,8,1.3529589759745766,"[13, 9, 3]",1.3529589759745766
209,"[13, 9, 2]",two-tone,16,11,8,1.3127640154446083,"[13, 9, 2]",1.3127640154446083
210,"[13, 8, 8]",two-tone,16,11,8,1.6410671725305248,"[13, 8, 8]",1.6410671725305248
211,"[13, 8, 7]",two-tone,16,11,8,1.484056845952201,"[13, 8, 7]",1.484056845952201
212,"[13, 8, 6]",two-tone,16,11,8,1.3825836758699612,"[13, 8, 6]",1.3825836758699612
213,"[13, 8, 5]",two-tone,16,11,8,1.4042910335091756,"[13, 8, 5]",1.4042910335091756
214,"[13, 8, 4]",two-tone,16,11,8,1.4395675390037568,"[13, 8, 4]",1.4395675390037568
215,"[13, 8, 3]",two-tone,16,11,8,1.4026617911631798,"[13, 8, 3]",1.4026617911631798
216,"[13, 8, 2]",two-tone,16,11,8,1.356868039536717,"[13, 8, 2]",1.356868039536717
217,"[13, 7, 7]",two-tone,16,11,8,1.5285327549723244,"[13, 7, 7]",1.5285327549723244
218,"[13, 7, 6]",two-tone,16,11,8,1.435399536671355,"[13, 7, 6]",1.435399536671355
219,"[13, 7, 5]",two-tone,16,11,8,1.3632488009666963,"[13, 7, 5]",1.3632488009666963
220,"[13, 7, 4]",two-tone,16,11,8,1.3966958315202231,"[13, 7, 4]",1.3966958315202231
221,"[13, 7, 3]",two-tone,16,11,8,1.3574569582200775,"[13, 7, 3]",1.3574569582200775
222,"[13, 7, 2]",two-tone,16,11,8,1.3264822728033474,"[13, 7, 2]",1.3264822728033474
223,"[13, 6, 6]",two-tone,16,11,8,1.5864812039154632,"[13, 6, 6]",1.5864812039154632
224,"[13, 6, 5]",two-tone,16,11,8,1.5207922088887014,"[13, 6, 5]",1.5207922088887014
225,"[13, 6, 4]",two-tone,16,11,8,1.4733787631071498,"[13, 6, 4]",1.4733787631071498
226,"[13, 6, 3]",two-tone,16,11,8,1.4326596268265788,"[13, 6, 3]",1.4326596268265788
227,"[13, 6, 2]",two-tone,16,11,8,1.3932095509466906,"[13, 6, 2]",1.3932095509466906
228,"[13, 5, 5]",two-tone,16,11,8,1.5815279042033232,"[13, 5, 5]",1.5815279042033232
229,"[13, 5, 4]",two-tone,16,11,8,1.5836005819268952,"[13, 5, 4]",1.5836005819268952
230,"[13, 5, 3]",two-tone,16,11,8,1.5474491922781777,"[13, 5, 3]",1.5474491922781777
231,"[13, 5, 2]",two-tone,16,11,8,1.5004659308094386,"[13, 5, 2]",1.5004659308094386
232,"[13, 4, 4]",two-tone,16,11,8,1.5928357108039757,"[13, 4, 4]",1.5928357108039757
233,"[13, 4, 3]",two-tone,16,11,8,1.6231234204742144,"[13, 4, 3]",1.6231234204742144
234,"[13, 4, 2]",two-tone,16,11,8,1.5926867819081232,"[13, 4, 2]",1.5926867819081232
235,"[13, 3, 3]",two-tone,16,11,8,1.5730901812860774,"[13, 3, 3]",1.5730901812860774
236,"[13, 3, 2]",two-tone,16,11,8,1.6082093863026397,"[13, 3, 2]",1.6082093863026397
237,"[13, 2, 2]",two-tone,16,11,8,1.5718134001261033,"[13, 2, 2]",1.5718134001261033
238,"[13, 13, 9]",two-tone,16,11,8,1.6094396670372633,"[13, 13, 9]",1.6094396670372633
239,"[13, 13, 8]",two-tone,16,11,8,1.5798585142421822,"[13, 13, 8]",1.5798585142421822
240,"[13, 13, 7]",two-tone,16,11,8,1.4762116250574562,"[13, 13, 7]",1.4762116250574562
241,"[13, 13, 6]",two-tone,16,11,8,1.441495126264006,"[13, 13, 6]",1.441495126264006
242,"[13, 13, 5]",two-tone,16,11,8,1.4361547796425844,"[13, 13, 5]",1.4361547796425844
243,"[13, 13, 4]",two-tone,16,11,8,1.418764483576871,"[13, 13, 4]",1.418764483576871
244,"[13, 13, 3]",two-tone,16,11,8,1.3431337750749064,"[13, 13, 3]",1.3431337750749064
245,"[13, 13, 2]",two-tone,16,11,8,1.2895796754833326,"[13, 13, 2]",1.2895796754833326
246,"[13, 13, 12]",two-tone,16,11,8,1.7690520592797423,"[13, 13, 12]",1.7690520592797423
247,"[13, 13, 11]",two-tone,16,11,8,1.697991615566133,"[13, 13, 11]",1.697991615566133
248,"[13, 13, 10]",two-tone,16,11,8,1.8537242474080904,"[13, 13, 10]",1.8537242474080904
249,"[13, 12, 9]",two-tone,16,11,8,2.064236415556276,"[13, 12, 9]",2.064236415556276
250,"[13, 12, 8]",two-tone,16,11,8,1.5226628546908765,"[13, 12, 8]",1.5226628546908765
251,"[13, 12, 7]",two-tone,16,11,8,1.4378186166139832,"[13, 12, 7]",1.4378186166139832
252,"[13, 12, 6]",two-tone,16,11,8,1.412726835757626,"[13, 12, 6]",1.412726835757626
253,"[13, 12, 5]",two-tone,16,11,8,1.4220302900342965,"[13, 12, 5]",1.4220302900342965
254,"[13, 12, 4]",two-tone,16,11,8,1.4451692880874014,"[13, 12, 4]",1.4451692880874014
255,"[13, 12, 3]",two-tone,16,11,8,1.390234641090242,"[13, 12, 3]",1.390234641090242
256,"[13, 12, 2]",two-tone,16,11,8,1.3481124997258611,"[13, 12, 2]",1.3481124997258611
257,"[13, 12, 12]",two-tone,16,11,8,2.012822948798219,"[13, 12, 12]",2.012822948798219
258,"[13, 12, 11]",two-tone,16,11,8,2.447441417477376,"[13, 12, 11]",2.447441417477376
259,"[13, 12, 10]",two-tone,16,11,8,2.7479299626438243,"[13, 12, 10]",2.7479299626438243
260,"[13, 11, 9]",two-tone,16,11,8,2.0653950633885936,"[13, 11, 9]",2.0653950633885936
261,"[13, 11, 8]",two-tone,16,11,8,1.5122639521054924,"[13, 11, 8]",1.5122639521054924
262,"[13, 11, 7]",two-tone,15,10,7,1.424469940278105,"[13, 11, 7]",1.424469940278105
263,"[13, 11, 6]",two-tone,16,11,8,1.4173377402543432,"[13, 11, 6]",1.4173377402543432
264,"[13, 11, 5]",two-tone,16,11,8,1.4192269044486217,"[13, 11, 5]",1.4192269044486217
265,"[13, 11, 4]",two-tone,16,11,8,1.4425764506859806,"[13, 11, 4]",1.4425764506859806
266,"[13, 11, 3]",two-tone,16,11,8,1.3860518900991867,"[13, 11, 3]",1.3860518900991867
267,"[13, 11, 2]",two-tone,16,11,8,1.3478019613197476,"[13, 11, 2]",1.3478019613197476
268,"[13, 11, 11]",two-tone,16,11,8,1.9476152977494865,"[13, 11, 11]",1.9476152977494865
269,"[13, 11, 10]",two-tone,16,11,8,2.780443875728324,"[13, 11, 10]",2.780443875728324
270,"[13, 10, 9]",two-tone,16,11,8,2.0490142702339487,"[13, 10, 9]",2.0490142702339487
271,"[13, 10, 8]",two-tone,16,11,8,1.6032668009022224,"[13, 10, 8]",1.6032668009022224
272,"[13, 10, 7]",two-tone,15,10,7,1.5187171317484864,"[13, 10, 7]",1.5187171317484864
273,"[13, 10, 6]",two-tone,15,10,7,1.5189298381180871,"[13, 10, 6]",1.5189298381180871
274,"[13, 10, 5]",two-tone,16,11,8,1.5353522733711962,"[13, 10, 5]",1.5353522733711962
275,"[13, 10, 4]",two-tone,16,11,8,1.5523421251554723,"[13, 10, 4]",1.5523421251554723
276,"[13, 10, 3]",two-tone,16,11,8,1.4954734453889051,"[13, 10, 3]",1.4954734453889051
277,"[13, 10, 2]",two-tone,16,11,8,1.4543366260256412,"[13, 10, 2]",1.4543366260256412
278,"[13, 10, 10]",two-tone,16,11,8,1.8732333092020592,"[13, 10, 10]",1.8732333092020592
279,"[12, 9, 9]",two-tone,16,11,8,1.7493032158479351,"[12, 9, 9]",1.7493032158479351
280,"[12, 9, 8]",two-tone,15,10,7,1.81791223820818,"[12, 9, 8]",1.81791223820818
281,"[12, 9, 7]",two-tone,16,11,8,1.4114485887712476,"[12, 9, 7]",1.4114485887712476
282,"[12, 9, 6]",two-tone,15,10,7,1.394413650690883,"[12, 9, 6]",1.394413650690883
283,"[12, 9, 5]",two-tone,16,11,8,1.409504532455052,"[12, 9, 5]",1.409504532455052
284,"[12, 9, 4]",two-tone,16,11,8,1.445948506130875,"[12, 9, 4]",1.445948506130875
285,"[12, 9, 3]",two-tone,16,11,8,1.3765216963627367,"[12, 9, 3]",1.3765216963627367
286,"[12, 9, 2]",two-tone,16,11,8,1.3352999642372885,"[12, 9, 2]",1.3352999642372885
287,"[12, 8, 8]",two-tone,16,11,8,1.7393965608149509,"[12, 8, 8]",1.7393965608149509
288,"[12, 8, 7]",two-tone,16,11,8,1.563504097141232,"[12, 8, 7]",1.563504097141232
289,"[12, 8, 6]",two-tone,16,11,8,1.4710946020628222,"[12, 8, 6]",1.4710946020628222
290,"[12, 8, 5]",two-tone,16,11,8,1.4904962013969425,"[12, 8, 5]",1.4904962013969425
291,"[12, 8, 4]",two-tone,16,11,8,1.5232483817370914,"[12, 8, 4]",1.5232483817370914
292,"[12, 8, 3]",two-tone,16,11,8,1.4764986979934642,"[12, 8, 3]",1.4764986979934642
293,"[12, 8, 2]",two-tone,16,11,8,1.4299605011213392,"[12, 8, 2]",1.4299605011213392
294,"[12, 7, 7]",two-tone,16,11,8,1.6216636691388886,"[12, 7, 7]",1.6216636691388886
295,"[12, 7, 6]",two-tone,16,11,8,1.5280147996015878,"[12, 7, 6]",1.5280147996015878
296,"[12, 7, 5]",two-tone,16,11,8,1.4490911815950829,"[12, 7, 5]",1.4490911815950829
297,"[12, 7, 4]",two-tone,16,11,8,1.479170752028981,"[12, 7, 4]",1.479170752028981
298,"[12, 7, 3]",two-tone,16,11,8,1.4338130787683725,"[12, 7, 3]",1.4338130787683725
299,"[12, 7, 2]",two-tone,16,11,8,1.3983667123766912,"[12, 7, 2]",1.3983667123766912
300,"[12, 6, 6]",two-tone,16,11,8,1.6425076814,"[12, 6, 6]",1.6425076814
301,"[12, 6, 5]",two-tone,16,11,8,1.6015405326499832,"[12, 6, 5]",1.6015405326499832
302,"[12, 6, 4]",two-tone,16,11,8,1.5473025416736408,"[12, 6, 4]",1.5473025416736408
303,"[12, 6, 3]",two-tone,16,11,8,1.49952343823904,"[12, 6, 3]",1.49952343823904
304,"[12, 6, 2]",two-tone,16,11,8,1.460893936883525,"[12, 6, 2]",1.460893936883525
305,"[12, 5, 5]",two-tone,16,11,8,1.6270615126353791,"[12, 5, 5]",1.6270615126353791
306,"[12, 5, 4]",two-tone,16,11,8,1.6646412514945648,"[12, 5, 4]",1.6646412514945648
307,"[12, 5, 3]",two-tone,16,11,8,1.6199727016696754,"[12, 5, 3]",1.6199727016696754
308,"[12, 5, 2]",two-tone,16,11,8,1.568758915355216,"[12, 5, 2]",1.568758915355216
309,"[12, 4, 4]",two-tone,16,11,8,1.6625274404643833,"[12, 4, 4]",1.6625274404643833
310,"[12, 4, 3]",two-tone,16,11,8,1.6982630631627478,"[12, 4, 3]",1.6982630631627478
311,"[12, 4, 2]",two-tone,16,11,8,1.661170246947244,"[12, 4, 2]",1.661170246947244
312,"[12, 3, 3]",two-tone,16,11,8,1.6357352736068471,"[12, 3, 3]",1.6357352736068471
313,"[12, 3, 2]",two-tone,16,11,8,1.6757900540305082,"[12, 3, 2]",1.6757900540305082
314,"[12, 2, 2]",two-tone,16,11,8,1.6305948031377622,"[12, 2, 2]",1.6305948031377622
315,"[12, 12, 9]",two-tone,16,11,8,1.6903153654822891,"[12, 12, 9]",1.6903153654822891
316,"[12, 12, 8]",two-tone,16,11,8,1.7490794560900036,"[12, 12, 8]",1.7490794560900036
317,"[12, 12, 7]",two-tone,16,11,8,1.6327799213126897,"[12, 12, 7]",1.6327799213126897
318,"[12, 12, 6]",two-tone,16,11,8,1.558046878035436,"[12, 12, 6]",1.558046878035436
319,"[12, 12, 5]",two-tone,16,11,8,1.5491318734473278,"[12, 12, 5]",1.5491318734473278
320,"[12, 12, 4]",two-tone,16,11,8,1.5589024415646735,"[12, 12, 4]",1.5589024415646735
321,"[12, 12, 3]",two-tone,16,11,8,1.481021803950085,"[12, 12, 3]",1.481021803950085
322,"[12, 12, 2]",two-tone,16,11,8,1.4227648234621595,"[12, 12, 2]",1.4227648234621595
323,"[12, 12, 11]",two-tone,16,11,8,1.7891642567851018,"[12, 12, 11]",1.7891642567851018
324,"[12, 12, 10]",two-tone,16,11,8,1.9280053313180068,"[12, 12, 10]",1.9280053313180068
325,"[12, 11, 9]",two-tone,16,11,8,2.009979660598644,"[12, 11, 9]",2.009979660598644
326,"[12, 11, 8]",two-tone,16,11,8,1.7335744538634958,"[12, 11, 8]",1.7335744538634958
327,"[12, 11, 7]",two-tone,15,10,7,1.481623405818016,"[12, 11, 7]",1.481623405818016
328,"[12, 11, 6]",two-tone,16,11,8,1.4639874712004406,"[12, 11, 6]",1.4639874712004406
329,"[12, 11, 5]",two-tone,16,11,8,1.4594578542403178,"[12, 11, 5]",1.4594578542403178
330,"[12, 11, 4]",two-tone,16,11,8,1.486630368178696,"[12, 11, 4]",1.486630368178696
331,"[12, 11, 3]",two-tone,16,11,8,1.426045337222186,"[12, 11, 3]",1.426045337222186
332,"[12, 11, 2]",two-tone,16,11,8,1.3816115515308194,"[12, 11, 2]",1.3816115515308194
333,"[12, 11, 11]",two-tone,16,11,8,2.020572915723863,"[12, 11, 11]",2.020572915723863
334,"[12, 11, 10]",two-tone,16,11,8,2.801622176389825,"[12, 11, 10]",2.801622176389825
335,"[12, 10, 9]",two-tone,16,11,8,1.913685720892044,"[12, 10, 9]",1.913685720892044
336,"[12, 10, 8]",two-tone,16,11,8,1.8825953742729256,"[12, 10, 8]",1.8825953742729256
337,"[12, 10, 7]",two-tone,16,11,8,1.5749028285894768,"[12, 10, 7]",1.5749028285894768
338,"[12, 10, 6]",two-tone,15,10,7,1.5542121707974141,"[12, 10, 6]",1.5542121707974141
339,"[12, 10, 5]",two-tone,16,11,8,1.5693893475552678,"[12, 10, 5]",1.5693893475552678
340,"[12, 10, 4]",two-tone,16,11,8,1.582090008808701,"[12, 10, 4]",1.582090008808701
341,"[12, 10, 3]",two-tone,16,11,8,1.5239981023488332,"[12, 10, 3]",1.5239981023488332
342,"[12, 10, 2]",two-tone,16,11,8,1.4766047078424362,"[12, 10, 2]",1.4766047078424362
343,"[12, 10, 10]",two-tone,16,11,8,1.9181645668327796,"[12, 10, 10]",1.9181645668327796
344,"[11, 9, 9]",two-tone,16,11,8,1.5689500264236544,"[11, 9, 9]",1.5689500264236544
345,"[11, 9, 8]",two-tone,15,10,7,1.6145914720554742,"[11, 9, 8]",1.6145914720554742
346,"[11, 9, 7]",two-tone,16,11,8,1.3156365729747974,"[11, 9, 7]",1.3156365729747974
347,"[11, 9, 6]",two-tone,15,10,7,1.234281661969769,"[11, 9, 6]",1.234281661969769
348,"[11, 9, 5]",two-tone,15,10,7,1.2351877749265916,"[11, 9, 5]",1.2351877749265916
349,"[11, 9, 4]",two-tone,16,11,8,1.2773183560136898,"[11, 9, 4]",1.2773183560136898
350,"[11, 9, 3]",two-tone,16,11,8,1.2122449484210691,"[11, 9, 3]",1.2122449484210691
351,"[11, 9, 2]",two-tone,16,11,8,1.163920132864407,"[11, 9, 2]",1.163920132864407
352,"[11, 8, 8]",two-tone,16,11,8,1.5444417480392154,"[11, 8, 8]",1.5444417480392154
353,"[11, 8, 7]",two-tone,15,10,7,1.3819754962262618,"[11, 8, 7]",1.3819754962262618
354,"[11, 8, 6]",two-tone,16,11,8,1.2900285586638536,"[11, 8, 6]",1.2900285586638536
355,"[11, 8, 5]",two-tone,16,11,8,1.2945430063916707,"[11, 8, 5]",1.2945430063916707
356,"[11, 8, 4]",two-tone,16,11,8,1.3342707483041367,"[11, 8, 4]",1.3342707483041367
357,"[11, 8, 3]",two-tone,16,11,8,1.287804285195309,"[11, 8, 3]",1.287804285195309
358,"[11, 8, 2]",two-tone,16,11,8,1.2398761932719666,"[11, 8, 2]",1.2398761932719666
359,"[11, 7, 7]",two-tone,16,11,8,1.4423062121666663,"[11, 7, 7]",1.4423062121666663
360,"[11, 7, 6]",two-tone,16,11,8,1.3428099004595864,"[11, 7, 6]",1.3428099004595864
361,"[11, 7, 5]",two-tone,16,11,8,1.2680401026532833,"[11, 7, 5]",1.2680401026532833
362,"[11, 7, 4]",two-tone,16,11,8,1.3056432823590942,"[11, 7, 4]",1.3056432823590942
363,"[11, 7, 3]",two-tone,16,11,8,1.2607069600395424,"[11, 7, 3]",1.2607069600395424
364,"[11, 7, 2]",two-tone,16,11,8,1.2251750374217392,"[11, 7, 2]",1.2251750374217392
365,"[11, 6, 6]",two-tone,16,11,8,1.4893566100333333,"[11, 6, 6]",1.4893566100333333
366,"[11, 6, 5]",two-tone,16,11,8,1.44703502923631,"[11, 6, 5]",1.44703502923631
367,"[11, 6, 4]",two-tone,16,11,8,1.4018494701255233,"[11, 6, 4]",1.4018494701255233
368,"[11, 6, 3]",two-tone,16,11,8,1.3552439043114428,"[11, 6, 3]",1.3552439043114428
369,"[11, 6, 2]",two-tone,16,11,8,1.3161861523646965,"[11, 6, 2]",1.3161861523646965
370,"[11, 5, 5]",two-tone,16,11,8,1.4767393177879882,"[11, 5, 5]",1.4767393177879882
371,"[11, 5, 4]",two-tone,16,11,8,1.5141568999350847,"[11, 5, 4]",1.5141568999350847
372,"[11, 5, 3]",two-tone,16,11,8,1.4740111998646208,"[11, 5, 3]",1.4740111998646208
373,"[11, 5, 2]",two-tone,16,11,8,1.4227211226618706,"[11, 5, 2]",1.4227211226618706
374,"[11, 4, 4]",two-tone,16,11,8,1.519428934440814,"[11, 4, 4]",1.519428934440814
375,"[11, 4, 3]",two-tone,16,11,8,1.5560305720608578,"[11, 4, 3]",1.5560305720608578
376,"[11, 4, 2]",two-tone,16,11,8,1.5222657663604031,"[11, 4, 2]",1.5222657663604031
377,"[11, 3, 3]",two-tone,16,11,8,1.497483247627874,"[11, 3, 3]",1.497483247627874
378,"[11, 3, 2]",two-tone,16,11,8,1.5371718009923068,"[11, 3, 2]",1.5371718009923068
379,"[11, 2, 2]",two-tone,16,11,8,1.4984816804918033,"[11, 2, 2]",1.4984816804918033
380,"[11, 11, 9]",two-tone,16,11,8,1.4766930637297402,"[11, 11, 9]",1.4766930637297402
381,"[11, 11, 8]",two-tone,16,11,8,1.5212156533223071,"[11, 11, 8]",1.5212156533223071
382,"[11, 11, 7]",two-tone,16,11,8,1.4246823871138634,"[11, 11, 7]",1.4246823871138634
383,"[11, 11, 6]",two-tone,16,11,8,1.3621783868103865,"[11, 11, 6]",1.3621783868103865
384,"[11, 11, 5]",two-tone,16,11,8,1.3528671271386008,"[11, 11, 5]",1.3528671271386008
385,"[11, 11, 4]",two-tone,16,11,8,1.3668704963728933,"[11, 11, 4]",1.3668704963728933
386,"[11, 11, 3]",two-tone,16,11,8,1.2897605552079423,"[11, 11, 3]",1.2897605552079423
387,"[11, 11, 2]",two-tone,16,11,8,1.232998058917646,"[11, 11, 2]",1.232998058917646
388,"[11, 11, 10]",two-tone,16,11,8,1.7625700351725668,"[11, 11, 10]",1.7625700351725668
389,"[11, 10, 9]",two-tone,16,11,8,2.0006520972134085,"[11, 10, 9]",2.0006520972134085
390,"[11, 10, 8]",two-tone,16,11,8,1.7009177491155534,"[11, 10, 8]",1.7009177491155534
391,"[11, 10, 7]",two-tone,15,10,7,1.473667075251821,"[11, 10, 7]",1.473667075251821
392,"[11, 10, 6]",two-tone,15,10,7,1.422243582650862,"[11, 10, 6]",1.422243582650862
393,"[11, 10, 5]",two-tone,15,10,7,1.4396837627046728,"[11, 10, 5]",1.4396837627046728
394,"[11, 10, 4]",two-tone,16,11,8,1.4559612355421108,"[11, 10, 4]",1.4559612355421108
395,"[11, 10, 3]",two-tone,16,11,8,1.396923592653719,"[11, 10, 3]",1.396923592653719
396,"[11, 10, 2]",two-tone,16,11,8,1.3499505413378137,"[11, 10, 2]",1.3499505413378137
397,"[11, 10, 10]",two-tone,16,11,8,1.7765491663344402,"[11, 10, 10]",1.7765491663344402
398,"[10, 9, 9]",two-tone,16,11,8,1.9004208478307296,"[10, 9, 9]",1.9004208478307296
399,"[10, 9, 8]",two-tone,16,11,8,1.821150681094748,"[10, 9, 8]",1.821150681094748
400,"[10, 9, 7]",two-tone,15,10,7,1.7145917260337111,"[10, 9, 7]",1.7145917260337111
401,"[10, 9, 6]",two-tone,16,11,8,1.6548284095269137,"[10, 9, 6]",1.6548284095269137
402,"[10, 9, 5]",two-tone,16,11,8,1.530618407677114,"[10, 9, 5]",1.530618407677114
403,"[10, 9, 4]",two-tone,16,11,8,1.5602675816100569,"[10, 9, 4]",1.5602675816100569
404,"[10, 9, 3]",two-tone,16,11,8,1.4925472969392837,"[10, 9, 3]",1.4925472969392837
405,"[10, 9, 2]",two-tone,16,11,8,1.4475915919669424,"[10, 9, 2]",1.4475915919669424
406,"[10, 8, 8]",two-tone,16,11,8,1.8503832167324248,"[10, 8, 8]",1.8503832167324248
407,"[10, 8, 7]",two-tone,16,11,8,1.81950440723484,"[10, 8, 7]",1.81950440723484
408,"[10, 8, 6]",two-tone,16,11,8,1.7408589414177025,"[10, 8, 6]",1.7408589414177025
409,"[10, 8, 5]",two-tone,16,11,8,1.5839569232351338,"[10, 8, 5]",1.5839569232351338
410,"[10, 8, 4]",two-tone,16,11,8,1.5957016495447411,"[10, 8, 4]",1.5957016495447411
411,"[10, 8, 3]",two-tone,16,11,8,1.5518395876634887,"[10, 8, 3]",1.5518395876634887
412,"[10, 8, 2]",two-tone,16,11,8,1.5028842870204084,"[10, 8, 2]",1.5028842870204084
413,"[10, 7, 7]",two-tone,16,11,8,1.7629553257723574,"[10, 7, 7]",1.7629553257723574
414,"[10, 7, 6]",two-tone,16,11,8,1.760211587352872,"[10, 7, 6]",1.760211587352872
415,"[10, 7, 5]",two-tone,16,11,8,1.5657203103711292,"[10, 7, 5]",1.5657203103711292
416,"[10, 7, 4]",two-tone,16,11,8,1.572082649370499,"[10, 7, 4]",1.572082649370499
417,"[10, 7, 3]",two-tone,16,11,8,1.5253519442221724,"[10, 7, 3]",1.5253519442221724
418,"[10, 7, 2]",two-tone,16,11,8,1.4853775001452405,"[10, 7, 2]",1.4853775001452405
419,"[10, 6, 6]",two-tone,16,11,8,1.8035382536422768,"[10, 6, 6]",1.8035382536422768
420,"[10, 6, 5]",two-tone,16,11,8,1.7312376991728218,"[10, 6, 5]",1.7312376991728218
421,"[10, 6, 4]",two-tone,16,11,8,1.6739318333877555,"[10, 6, 4]",1.6739318333877555
422,"[10, 6, 3]",two-tone,16,11,8,1.6284986305235138,"[10, 6, 3]",1.6284986305235138
423,"[10, 6, 2]",two-tone,16,11,8,1.5874416773557805,"[10, 6, 2]",1.5874416773557805
424,"[10, 5, 5]",two-tone,16,11,8,1.7940622807368696,"[10, 5, 5]",1.7940622807368696
425,"[10, 5, 4]",two-tone,16,11,8,1.8037664176166492,"[10, 5, 4]",1.8037664176166492
426,"[10, 5, 3]",two-tone,16,11,8,1.7551615224531123,"[10, 5, 3]",1.7551615224531123
427,"[10, 5, 2]",two-tone,16,11,8,1.7065949834766334,"[10, 5, 2]",1.7065949834766334
428,"[10, 4, 4]",two-tone,16,11,8,1.8045030953565837,"[10, 4, 4]",1.8045030953565837
429,"[10, 4, 3]",two-tone,16,11,8,1.8377807403283848,"[10, 4, 3]",1.8377807403283848
430,"[10, 4, 2]",two-tone,16,11,8,1.7906327516194331,"[10, 4, 2]",1.7906327516194331
431,"[10, 3, 3]",two-tone,16,11,8,1.7725038837512366,"[10, 3, 3]",1.7725038837512366
432,"[10, 3, 2]",two-tone,16,11,8,1.8085968036221127,"[10, 3, 2]",1.8085968036221127
433,"[10, 2, 2]",two-tone,16,11,8,1.7625288181010523,"[10, 2, 2]",1.7625288181010523
434,"[10, 10, 9]",two-tone,16,11,8,1.6713568599957864,"[10, 10, 9]",1.6713568599957864
435,"[10, 10, 8]",two-tone,16,11,8,1.6940025249972346,"[10, 10, 8]",1.6940025249972346
436,"[10, 10, 7]",two-tone,16,11,8,1.600675342685701,"[10, 10, 7]",1.600675342685701
437,"[10, 10, 6]",two-tone,16,11,8,1.5617771430001843,"[10, 10, 6]",1.5617771430001843
438,"[10, 10, 5]",two-tone,16,11,8,1.564910577380176,"[10, 10, 5]",1.564910577380176
439,"[10, 10, 4]",two-tone,16,11,8,1.5713242927758486,"[10, 10, 4]",1.5713242927758486
440,"[10, 10, 3]",two-tone,16,11,8,1.4940075817507017,"[10, 10, 3]",1.4940075817507017
441,"[10, 10, 2]",two-tone,16,11,8,1.4391883921924118,"[10, 10, 2]",1.4391883921924118
