,_flop,_board_type,_0b,_1b,_2b,_profit,flop,max_profit
0,"[9, 9, 8]",two-tone,16,11,8,1.3187433498470702,"[9, 9, 8]",1.3187433498470702
1,"[9, 9, 7]",two-tone,15,10,7,0.7370978626630964,"[9, 9, 7]",0.7370978626630964
2,"[9, 9, 6]",two-tone,15,10,7,0.6495141098841167,"[9, 9, 6]",0.6495141098841167
3,"[9, 9, 5]",two-tone,10,7,5,0.4769197432700722,"[9, 9, 5]",0.4769197432700722
4,"[9, 9, 4]",two-tone,10,7,5,0.021859422954786045,"[9, 9, 4]",0.021859422954786045
5,"[9, 9, 3]",two-tone,1,1,1,-0.05521201446068341,"[9, 9, 3]",-0.05521201446068341
6,"[9, 9, 2]",two-tone,2,2,2,-0.08269580039520262,"[9, 9, 2]",-0.08269580039520262
7,"[9, 8, 8]",two-tone,16,11,8,1.1001294868893696,"[9, 8, 8]",1.1001294868893696
8,"[9, 8, 7]",two-tone,2,2,2,0.3690466661856409,"[9, 8, 7]",0.3690466661856409
9,"[9, 8, 6]",two-tone,2,2,2,0.2358925818882016,"[9, 8, 6]",0.2358925818882016
10,"[9, 8, 5]",two-tone,2,2,2,0.11173766099631542,"[9, 8, 5]",0.11173766099631542
11,"[9, 8, 4]",two-tone,1,1,1,0.15326899866798974,"[9, 8, 4]",0.15326899866798974
12,"[9, 8, 3]",two-tone,1,1,1,0.18134515717187671,"[9, 8, 3]",0.18134515717187671
13,"[9, 8, 2]",two-tone,1,1,1,0.21191861597455589,"[9, 8, 2]",0.21191861597455589
14,"[9, 7, 7]",two-tone,15,10,7,0.9332872661363398,"[9, 7, 7]",0.9332872661363398
15,"[9, 7, 6]",two-tone,8,6,4,0.3980269297034641,"[9, 7, 6]",0.3980269297034641
16,"[9, 7, 5]",two-tone,1,1,1,0.13295747027306334,"[9, 7, 5]",0.13295747027306334
17,"[9, 7, 4]",two-tone,1,1,1,-0.02037635400881982,"[9, 7, 4]",-0.02037635400881982
18,"[9, 7, 3]",two-tone,1,1,1,0.0015147939322156525,"[9, 7, 3]",0.0015147939322156525
19,"[9, 7, 2]",two-tone,1,1,1,0.015335436125268054,"[9, 7, 2]",0.015335436125268054
20,"[9, 6, 6]",two-tone,15,10,7,1.1820058742479989,"[9, 6, 6]",1.1820058742479989
21,"[9, 6, 5]",two-tone,1,1,1,-0.7402075115670184,"[9, 6, 5]",-0.7402075115670184
22,"[9, 6, 4]",two-tone,1,1,1,0.3665326764605922,"[9, 6, 4]",0.3665326764605922
23,"[9, 6, 3]",two-tone,1,1,1,0.3843414159784833,"[9, 6, 3]",0.3843414159784833
24,"[9, 6, 2]",two-tone,1,1,1,0.3943950127638314,"[9, 6, 2]",0.3943950127638314
25,"[9, 5, 5]",two-tone,10,7,5,1.0260546361874998,"[9, 5, 5]",1.0260546361874998
26,"[9, 5, 4]",two-tone,1,1,1,0.5447929910870897,"[9, 5, 4]",0.5447929910870897
27,"[9, 5, 3]",two-tone,1,1,1,0.5399173637505738,"[9, 5, 3]",0.5399173637505738
28,"[9, 5, 2]",two-tone,2,2,2,0.5462973414049329,"[9, 5, 2]",0.5462973414049329
29,"[9, 4, 4]",two-tone,10,7,5,0.3842062372894201,"[9, 4, 4]",0.3842062372894201
30,"[9, 4, 3]",two-tone,1,1,1,-0.06424599443897132,"[9, 4, 3]",-0.06424599443897132
31,"[9, 4, 2]",two-tone,2,2,2,-0.0792863543401085,"[9, 4, 2]",-0.0792863543401085
32,"[9, 3, 3]",two-tone,2,2,2,0.21111277688991728,"[9, 3, 3]",0.21111277688991728
33,"[9, 3, 2]",two-tone,1,1,1,-0.10666351684290436,"[9, 3, 2]",-0.10666351684290436
34,"[9, 2, 2]",two-tone,1,1,1,0.1655220506620932,"[9, 2, 2]",0.1655220506620932
35,"[8, 8, 7]",two-tone,16,11,8,0.1924268353759091,"[8, 8, 7]",0.1924268353759091
36,"[8, 8, 6]",two-tone,16,11,8,0.3921711432279203,"[8, 8, 6]",0.3921711432279203
37,"[8, 8, 5]",two-tone,1,1,1,-0.3327768004278365,"[8, 8, 5]",-0.3327768004278365
38,"[8, 8, 4]",two-tone,1,1,1,-0.3602960000480872,"[8, 8, 4]",-0.3602960000480872
39,"[8, 8, 3]",two-tone,1,1,1,-0.3986849631505473,"[8, 8, 3]",-0.3986849631505473
40,"[8, 8, 2]",two-tone,2,2,2,-0.4125546469422666,"[8, 8, 2]",-0.4125546469422666
41,"[8, 7, 7]",two-tone,16,11,8,0.5024888792067317,"[8, 7, 7]",0.5024888792067317
42,"[8, 7, 6]",two-tone,1,1,1,0.13432185679423925,"[8, 7, 6]",0.13432185679423925
43,"[8, 7, 5]",two-tone,1,1,1,-0.6806516096582763,"[8, 7, 5]",-0.6806516096582763
44,"[8, 7, 4]",two-tone,1,1,1,-0.6405716432583255,"[8, 7, 4]",-0.6405716432583255
45,"[8, 7, 3]",two-tone,1,1,1,-0.3932147033634573,"[8, 7, 3]",-0.3932147033634573
46,"[8, 7, 2]",two-tone,1,1,1,-0.36907013121123455,"[8, 7, 2]",-0.36907013121123455
47,"[8, 6, 6]",two-tone,16,11,8,0.5500526740952427,"[8, 6, 6]",0.5500526740952427
48,"[8, 6, 5]",two-tone,1,1,1,-0.2940942866566148,"[8, 6, 5]",-0.2940942866566148
49,"[8, 6, 4]",two-tone,1,1,1,-0.22378851742390127,"[8, 6, 4]",-0.22378851742390127
50,"[8, 6, 3]",two-tone,1,1,1,-0.29907926385214284,"[8, 6, 3]",-0.29907926385214284
51,"[8, 6, 2]",two-tone,1,1,1,-0.2768373821509929,"[8, 6, 2]",-0.2768373821509929
52,"[8, 5, 5]",two-tone,10,7,5,0.2773123979496732,"[8, 5, 5]",0.2773123979496732
53,"[8, 5, 4]",two-tone,1,1,1,-0.21036049543366495,"[8, 5, 4]",-0.21036049543366495
54,"[8, 5, 3]",two-tone,1,1,1,-0.3656174930130212,"[8, 5, 3]",-0.3656174930130212
55,"[8, 5, 2]",two-tone,1,1,1,-0.347445448097917,"[8, 5, 2]",-0.347445448097917
56,"[8, 4, 4]",two-tone,1,1,1,0.04874949988661198,"[8, 4, 4]",0.04874949988661198
57,"[8, 4, 3]",two-tone,1,1,1,-0.3998496193260877,"[8, 4, 3]",-0.3998496193260877
58,"[8, 4, 2]",two-tone,1,1,1,-0.3803443286961704,"[8, 4, 2]",-0.3803443286961704
59,"[8, 3, 3]",two-tone,1,1,1,-0.08106622830786772,"[8, 3, 3]",-0.08106622830786772
60,"[8, 3, 2]",two-tone,1,1,1,-0.4334917118926727,"[8, 3, 2]",-0.4334917118926727
61,"[8, 2, 2]",two-tone,1,1,1,-0.1274277749949843,"[8, 2, 2]",-0.1274277749949843
62,"[7, 7, 6]",two-tone,16,11,8,0.6769083465665364,"[7, 7, 6]",0.6769083465665364
63,"[7, 7, 5]",two-tone,1,1,1,0.5662912452995159,"[7, 7, 5]",0.5662912452995159
64,"[7, 7, 4]",two-tone,1,1,1,0.11925429664296132,"[7, 7, 4]",0.11925429664296132
65,"[7, 7, 3]",two-tone,2,2,2,0.0988546126778166,"[7, 7, 3]",0.0988546126778166
66,"[7, 7, 2]",two-tone,1,1,1,0.06478083759475711,"[7, 7, 2]",0.06478083759475711
67,"[7, 6, 6]",two-tone,16,11,8,0.9331580929963432,"[7, 6, 6]",0.9331580929963432
68,"[7, 6, 5]",two-tone,1,1,1,-1.4283549211932995,"[7, 6, 5]",-1.4283549211932995
69,"[7, 6, 4]",two-tone,1,1,1,-0.032623470226285985,"[7, 6, 4]",-0.032623470226285985
70,"[7, 6, 3]",two-tone,1,1,1,0.2788875006512537,"[7, 6, 3]",0.2788875006512537
71,"[7, 6, 2]",two-tone,1,1,1,0.2242042432740413,"[7, 6, 2]",0.2242042432740413
72,"[7, 5, 5]",two-tone,1,1,1,0.6619175666123513,"[7, 5, 5]",0.6619175666123513
73,"[7, 5, 4]",two-tone,1,1,1,0.5578188806335649,"[7, 5, 4]",0.5578188806335649
74,"[7, 5, 3]",two-tone,1,1,1,0.3044651984893969,"[7, 5, 3]",0.3044651984893969
75,"[7, 5, 2]",two-tone,1,1,1,0.4574222895762368,"[7, 5, 2]",0.4574222895762368
76,"[7, 4, 4]",two-tone,1,1,1,0.19987444837406548,"[7, 4, 4]",0.19987444837406548
77,"[7, 4, 3]",two-tone,1,1,1,-0.12181990476153293,"[7, 4, 3]",-0.12181990476153293
78,"[7, 4, 2]",two-tone,1,1,1,-0.16815621959406654,"[7, 4, 2]",-0.16815621959406654
79,"[7, 3, 3]",two-tone,1,1,1,0.09145293466859544,"[7, 3, 3]",0.09145293466859544
80,"[7, 3, 2]",two-tone,1,1,1,-0.2014382616592644,"[7, 3, 2]",-0.2014382616592644
81,"[7, 2, 2]",two-tone,2,2,2,0.03665874592255522,"[7, 2, 2]",0.03665874592255522
82,"[6, 6, 5]",two-tone,1,1,1,0.9488521835518352,"[6, 6, 5]",0.9488521835518352
83,"[6, 6, 4]",two-tone,1,1,1,0.8708443753653415,"[6, 6, 4]",0.8708443753653415
84,"[6, 6, 3]",two-tone,1,1,1,0.4828491876908166,"[6, 6, 3]",0.4828491876908166
85,"[6, 6, 2]",two-tone,2,2,2,0.4570368987289928,"[6, 6, 2]",0.4570368987289928
86,"[6, 5, 5]",two-tone,1,1,1,0.6889530107706694,"[6, 5, 5]",0.6889530107706694
87,"[6, 5, 4]",two-tone,1,1,1,-0.7745271147470748,"[6, 5, 4]",-0.7745271147470748
88,"[6, 5, 3]",two-tone,1,1,1,0.28642077800443705,"[6, 5, 3]",0.28642077800443705
89,"[6, 5, 2]",two-tone,1,1,1,0.4238092729519928,"[6, 5, 2]",0.4238092729519928
90,"[6, 4, 4]",two-tone,1,1,1,0.5244913786650912,"[6, 4, 4]",0.5244913786650912
91,"[6, 4, 3]",two-tone,1,1,1,0.5095726870931125,"[6, 4, 3]",0.5095726870931125
92,"[6, 4, 2]",two-tone,1,1,1,0.1908962156822471,"[6, 4, 2]",0.1908962156822471
93,"[6, 3, 3]",two-tone,1,1,1,-0.049011610667371516,"[6, 3, 3]",-0.049011610667371516
94,"[6, 3, 2]",two-tone,1,1,1,-0.18211856032013166,"[6, 3, 2]",-0.18211856032013166
95,"[6, 2, 2]",two-tone,2,2,2,-0.10121153331727477,"[6, 2, 2]",-0.10121153331727477
96,"[5, 5, 4]",two-tone,1,1,1,0.8056452809247009,"[5, 5, 4]",0.8056452809247009
97,"[5, 5, 3]",two-tone,1,1,1,0.3581205512039229,"[5, 5, 3]",0.3581205512039229
98,"[5, 5, 2]",two-tone,2,2,2,0.33320135593443306,"[5, 5, 2]",0.33320135593443306
99,"[5, 4, 4]",two-tone,1,1,1,0.5031501273677284,"[5, 4, 4]",0.5031501273677284
100,"[5, 4, 3]",two-tone,1,1,1,0.5606235853079548,"[5, 4, 3]",0.5606235853079548
101,"[5, 4, 2]",two-tone,1,1,1,0.4176762629844117,"[5, 4, 2]",0.4176762629844117
102,"[5, 3, 3]",two-tone,2,2,2,-0.09002749382680625,"[5, 3, 3]",-0.09002749382680625
103,"[5, 3, 2]",two-tone,2,2,2,-0.3038561255028048,"[5, 3, 2]",-0.3038561255028048
104,"[5, 2, 2]",two-tone,1,1,1,-0.14192326305289962,"[5, 2, 2]",-0.14192326305289962
105,"[4, 4, 3]",two-tone,1,1,1,0.1315371335213792,"[4, 4, 3]",0.1315371335213792
106,"[4, 4, 2]",two-tone,1,1,1,0.09069842293346453,"[4, 4, 2]",0.09069842293346453
107,"[4, 3, 3]",two-tone,1,1,1,-0.18977176584063546,"[4, 3, 3]",-0.18977176584063546
108,"[4, 3, 2]",two-tone,1,1,1,0.1942538070299597,"[4, 3, 2]",0.1942538070299597
109,"[4, 2, 2]",two-tone,1,1,1,-0.2571466638280398,"[4, 2, 2]",-0.2571466638280398
110,"[3, 3, 2]",two-tone,1,1,1,-0.1060507455772004,"[3, 3, 2]",-0.1060507455772004
111,"[3, 2, 2]",two-tone,1,1,1,-0.3271539666252984,"[3, 2, 2]",-0.3271539666252984
112,"[14, 9, 9]",two-tone,16,11,8,1.9880785581803933,"[14, 9, 9]",1.9880785581803933
113,"[14, 9, 8]",two-tone,16,11,8,1.240570822452439,"[14, 9, 8]",1.240570822452439
114,"[14, 9, 7]",two-tone,8,6,4,0.830753609416288,"[14, 9, 7]",0.830753609416288
115,"[14, 9, 6]",two-tone,1,1,1,0.8608291465712885,"[14, 9, 6]",0.8608291465712885
116,"[14, 9, 5]",two-tone,2,2,2,1.02824358393793,"[14, 9, 5]",1.02824358393793
117,"[14, 9, 4]",two-tone,2,2,2,0.743723086140101,"[14, 9, 4]",0.743723086140101
118,"[14, 9, 3]",two-tone,1,1,1,0.7923411307882399,"[14, 9, 3]",0.7923411307882399
119,"[14, 9, 2]",two-tone,2,2,2,0.8183888107379762,"[14, 9, 2]",0.8183888107379762
120,"[14, 8, 8]",two-tone,16,11,8,1.3172644237718356,"[14, 8, 8]",1.3172644237718356
121,"[14, 8, 7]",two-tone,8,6,4,0.6782286483377116,"[14, 8, 7]",0.6782286483377116
122,"[14, 8, 6]",two-tone,1,1,1,0.5696659287094603,"[14, 8, 6]",0.5696659287094603
123,"[14, 8, 5]",two-tone,1,1,1,0.5748400446180073,"[14, 8, 5]",0.5748400446180073
124,"[14, 8, 4]",two-tone,1,1,1,0.6440748489971724,"[14, 8, 4]",0.6440748489971724
125,"[14, 8, 3]",two-tone,2,2,2,0.6889934495331929,"[14, 8, 3]",0.6889934495331929
126,"[14, 8, 2]",two-tone,2,2,2,0.7117502628608801,"[14, 8, 2]",0.7117502628608801
127,"[14, 7, 7]",two-tone,8,6,4,1.3259436951316692,"[14, 7, 7]",1.3259436951316692
128,"[14, 7, 6]",two-tone,1,1,1,0.8583316392862093,"[14, 7, 6]",0.8583316392862093
129,"[14, 7, 5]",two-tone,1,1,1,1.0320543234281518,"[14, 7, 5]",1.0320543234281518
130,"[14, 7, 4]",two-tone,1,1,1,0.6670317391393769,"[14, 7, 4]",0.6670317391393769
131,"[14, 7, 3]",two-tone,1,1,1,0.7194596632617004,"[14, 7, 3]",0.7194596632617004
132,"[14, 7, 2]",two-tone,2,2,2,0.7354199539067164,"[14, 7, 2]",0.7354199539067164
133,"[14, 6, 6]",two-tone,10,7,5,1.401830472305181,"[14, 6, 6]",1.401830472305181
134,"[14, 6, 5]",two-tone,1,1,1,1.0860936573718751,"[14, 6, 5]",1.0860936573718751
135,"[14, 6, 4]",two-tone,1,1,1,1.0834172730303595,"[14, 6, 4]",1.0834172730303595
136,"[14, 6, 3]",two-tone,1,1,1,0.7316950773622493,"[14, 6, 3]",0.7316950773622493
137,"[14, 6, 2]",two-tone,1,1,1,0.7496457349561739,"[14, 6, 2]",0.7496457349561739
138,"[14, 5, 5]",two-tone,10,7,5,1.3097703398385108,"[14, 5, 5]",1.3097703398385108
139,"[14, 5, 4]",two-tone,1,1,1,0.9572733912909108,"[14, 5, 4]",0.9572733912909108
140,"[14, 5, 3]",two-tone,1,1,1,0.4607262168951282,"[14, 5, 3]",0.4607262168951282
141,"[14, 5, 2]",two-tone,1,1,1,0.5175750554508014,"[14, 5, 2]",0.5175750554508014
142,"[14, 4, 4]",two-tone,2,2,2,1.0844985504316902,"[14, 4, 4]",1.0844985504316902
143,"[14, 4, 3]",two-tone,1,1,1,0.4884895543979117,"[14, 4, 3]",0.4884895543979117
144,"[14, 4, 2]",two-tone,1,1,1,0.5225852146596031,"[14, 4, 2]",0.5225852146596031
145,"[14, 3, 3]",two-tone,2,2,2,0.9787540410022704,"[14, 3, 3]",0.9787540410022704
146,"[14, 3, 2]",two-tone,1,1,1,0.7652263411230029,"[14, 3, 2]",0.7652263411230029
147,"[14, 2, 2]",two-tone,2,2,2,0.9435763380832152,"[14, 2, 2]",0.9435763380832152
148,"[14, 14, 9]",two-tone,16,11,8,2.107417236908511,"[14, 14, 9]",2.107417236908511
149,"[14, 14, 8]",two-tone,16,11,8,1.593343905638234,"[14, 14, 8]",1.593343905638234
150,"[14, 14, 7]",two-tone,16,11,8,1.436880236029028,"[14, 14, 7]",1.436880236029028
151,"[14, 14, 6]",two-tone,16,11,8,1.1737222846350752,"[14, 14, 6]",1.1737222846350752
152,"[14, 14, 5]",two-tone,10,7,5,1.1618341767781315,"[14, 14, 5]",1.1618341767781315
153,"[14, 14, 4]",two-tone,10,7,5,1.0416231158660467,"[14, 14, 4]",1.0416231158660467
154,"[14, 14, 3]",two-tone,10,7,5,0.9965239536528432,"[14, 14, 3]",0.9965239536528432
155,"[14, 14, 2]",two-tone,10,7,5,0.9064929495918098,"[14, 14, 2]",0.9064929495918098
156,"[14, 14, 13]",two-tone,16,11,8,2.7928198867381395,"[14, 14, 13]",2.7928198867381395
157,"[14, 14, 12]",two-tone,16,11,8,2.780393671969334,"[14, 14, 12]",2.780393671969334
158,"[14, 14, 11]",two-tone,16,11,8,2.92788066269376,"[14, 14, 11]",2.92788066269376
159,"[14, 14, 10]",two-tone,16,11,8,2.477672933617202,"[14, 14, 10]",2.477672933617202
160,"[14, 13, 9]",two-tone,3,2,2,1.905371023532948,"[14, 13, 9]",1.905371023532948
161,"[14, 13, 8]",two-tone,3,2,2,1.872100535018776,"[14, 13, 8]",1.872100535018776
162,"[14, 13, 7]",two-tone,3,2,2,1.9285475632732108,"[14, 13, 7]",1.9285475632732108
163,"[14, 13, 6]",two-tone,16,11,8,1.934434386873278,"[14, 13, 6]",1.934434386873278
164,"[14, 13, 5]",two-tone,16,11,8,1.9566609042892,"[14, 13, 5]",1.9566609042892
165,"[14, 13, 4]",two-tone,16,11,8,1.9975465485363624,"[14, 13, 4]",1.9975465485363624
166,"[14, 13, 3]",two-tone,16,11,8,2.0637758079220765,"[14, 13, 3]",2.0637758079220765
167,"[14, 13, 2]",two-tone,16,11,8,2.050847426418,"[14, 13, 2]",2.050847426418
168,"[14, 13, 13]",two-tone,16,11,8,2.832903177014705,"[14, 13, 13]",2.832903177014705
169,"[14, 13, 12]",two-tone,1,1,1,2.714268003996469,"[14, 13, 12]",2.714268003996469
170,"[14, 13, 11]",two-tone,1,1,1,1.929323251600909,"[14, 13, 11]",1.929323251600909
171,"[14, 13, 10]",two-tone,2,2,2,2.8775647725627334,"[14, 13, 10]",2.8775647725627334
172,"[14, 12, 9]",two-tone,8,6,4,1.825532906835679,"[14, 12, 9]",1.825532906835679
173,"[14, 12, 8]",two-tone,2,2,2,1.7575938053246658,"[14, 12, 8]",1.7575938053246658
174,"[14, 12, 7]",two-tone,3,2,2,1.6732707245604759,"[14, 12, 7]",1.6732707245604759
175,"[14, 12, 6]",two-tone,2,2,2,1.6105501591519515,"[14, 12, 6]",1.6105501591519515
176,"[14, 12, 5]",two-tone,2,2,2,1.5867627389156942,"[14, 12, 5]",1.5867627389156942
177,"[14, 12, 4]",two-tone,2,2,2,1.6187914639123833,"[14, 12, 4]",1.6187914639123833
178,"[14, 12, 3]",two-tone,2,2,2,1.6550399442680868,"[14, 12, 3]",1.6550399442680868
179,"[14, 12, 2]",two-tone,2,2,2,1.6585333628467291,"[14, 12, 2]",1.6585333628467291
180,"[14, 12, 12]",two-tone,16,11,8,2.7054772364924373,"[14, 12, 12]",2.7054772364924373
181,"[14, 12, 11]",two-tone,1,1,1,2.178607374944411,"[14, 12, 11]",2.178607374944411
182,"[14, 12, 10]",two-tone,1,1,1,3.2813344861354063,"[14, 12, 10]",3.2813344861354063
183,"[14, 11, 9]",two-tone,16,11,8,2.1016423982807,"[14, 11, 9]",2.1016423982807
184,"[14, 11, 8]",two-tone,2,2,2,1.7558245599190736,"[14, 11, 8]",1.7558245599190736
185,"[14, 11, 7]",two-tone,2,2,2,1.9781674864009573,"[14, 11, 7]",1.9781674864009573
186,"[14, 11, 6]",two-tone,2,2,2,1.920514748143052,"[14, 11, 6]",1.920514748143052
187,"[14, 11, 5]",two-tone,2,2,2,1.896310048526608,"[14, 11, 5]",1.896310048526608
188,"[14, 11, 4]",two-tone,2,2,2,1.9168809067282544,"[14, 11, 4]",1.9168809067282544
189,"[14, 11, 3]",two-tone,2,2,2,1.9556252672703494,"[14, 11, 3]",1.9556252672703494
190,"[14, 11, 2]",two-tone,2,2,2,1.9578521809324505,"[14, 11, 2]",1.9578521809324505
191,"[14, 11, 11]",two-tone,16,11,8,2.9698321741367497,"[14, 11, 11]",2.9698321741367497
192,"[14, 11, 10]",two-tone,1,1,1,3.499474097751472,"[14, 11, 10]",3.499474097751472
193,"[14, 10, 9]",two-tone,15,10,7,1.7847572167654926,"[14, 10, 9]",1.7847572167654926
194,"[14, 10, 8]",two-tone,8,6,4,1.4632280681310637,"[14, 10, 8]",1.4632280681310637
195,"[14, 10, 7]",two-tone,1,1,1,1.477295459496001,"[14, 10, 7]",1.477295459496001
196,"[14, 10, 6]",two-tone,2,2,2,1.6865587910332769,"[14, 10, 6]",1.6865587910332769
197,"[14, 10, 5]",two-tone,2,2,2,1.3420725904408948,"[14, 10, 5]",1.3420725904408948
198,"[14, 10, 4]",two-tone,2,2,2,1.400249315746409,"[14, 10, 4]",1.400249315746409
199,"[14, 10, 3]",two-tone,1,1,1,1.468754104674589,"[14, 10, 3]",1.468754104674589
200,"[14, 10, 2]",two-tone,1,1,1,1.5010406429251577,"[14, 10, 2]",1.5010406429251577
201,"[14, 10, 10]",two-tone,16,11,8,2.3671392149629877,"[14, 10, 10]",2.3671392149629877
202,"[13, 9, 9]",two-tone,16,11,8,2.0134009306647034,"[13, 9, 9]",2.0134009306647034
203,"[13, 9, 8]",two-tone,10,7,5,1.2055886677380014,"[13, 9, 8]",1.2055886677380014
204,"[13, 9, 7]",two-tone,10,7,5,1.2043561252743378,"[13, 9, 7]",1.2043561252743378
205,"[13, 9, 6]",two-tone,1,1,1,1.1136634163214538,"[13, 9, 6]",1.1136634163214538
206,"[13, 9, 5]",two-tone,1,1,1,1.2935552421955028,"[13, 9, 5]",1.2935552421955028
207,"[13, 9, 4]",two-tone,2,2,2,1.1421215782000702,"[13, 9, 4]",1.1421215782000702
208,"[13, 9, 3]",two-tone,2,2,2,1.1781888066076849,"[13, 9, 3]",1.1781888066076849
209,"[13, 9, 2]",two-tone,1,1,1,1.2030987788219845,"[13, 9, 2]",1.2030987788219845
210,"[13, 8, 8]",two-tone,16,11,8,1.211633717742854,"[13, 8, 8]",1.211633717742854
211,"[13, 8, 7]",two-tone,8,6,4,0.8063304979108261,"[13, 8, 7]",0.8063304979108261
212,"[13, 8, 6]",two-tone,1,1,1,0.6917004497267385,"[13, 8, 6]",0.6917004497267385
213,"[13, 8, 5]",two-tone,1,1,1,0.7011223343550304,"[13, 8, 5]",0.7011223343550304
214,"[13, 8, 4]",two-tone,2,2,2,0.7389123945935296,"[13, 8, 4]",0.7389123945935296
215,"[13, 8, 3]",two-tone,3,2,2,0.7507378197059605,"[13, 8, 3]",0.7507378197059605
216,"[13, 8, 2]",two-tone,2,2,2,0.7726808507986527,"[13, 8, 2]",0.7726808507986527
217,"[13, 7, 7]",two-tone,8,6,4,1.3785229425203291,"[13, 7, 7]",1.3785229425203291
218,"[13, 7, 6]",two-tone,1,1,1,1.176009983322378,"[13, 7, 6]",1.176009983322378
219,"[13, 7, 5]",two-tone,1,1,1,1.376186212290701,"[13, 7, 5]",1.376186212290701
220,"[13, 7, 4]",two-tone,1,1,1,0.9407722414530896,"[13, 7, 4]",0.9407722414530896
221,"[13, 7, 3]",two-tone,2,2,2,0.9579376355023892,"[13, 7, 3]",0.9579376355023892
222,"[13, 7, 2]",two-tone,2,2,2,0.9676590115048336,"[13, 7, 2]",0.9676590115048336
223,"[13, 6, 6]",two-tone,10,7,5,1.4572582164070742,"[13, 6, 6]",1.4572582164070742
224,"[13, 6, 5]",two-tone,1,1,1,1.437912680504386,"[13, 6, 5]",1.437912680504386
225,"[13, 6, 4]",two-tone,1,1,1,1.4192247573573358,"[13, 6, 4]",1.4192247573573358
226,"[13, 6, 3]",two-tone,1,1,1,0.9770150342605798,"[13, 6, 3]",0.9770150342605798
227,"[13, 6, 2]",two-tone,2,2,2,0.9797900830314384,"[13, 6, 2]",0.9797900830314384
228,"[13, 5, 5]",two-tone,10,7,5,1.5188541900710313,"[13, 5, 5]",1.5188541900710313
229,"[13, 5, 4]",two-tone,1,1,1,1.4318423685329336,"[13, 5, 4]",1.4318423685329336
230,"[13, 5, 3]",two-tone,1,1,1,0.9068076967405304,"[13, 5, 3]",0.9068076967405304
231,"[13, 5, 2]",two-tone,1,1,1,0.910848937415432,"[13, 5, 2]",0.910848937415432
232,"[13, 4, 4]",two-tone,2,2,2,1.228747486552374,"[13, 4, 4]",1.228747486552374
233,"[13, 4, 3]",two-tone,1,1,1,0.8758145731376651,"[13, 4, 3]",0.8758145731376651
234,"[13, 4, 2]",two-tone,1,1,1,0.8613097096638369,"[13, 4, 2]",0.8613097096638369
235,"[13, 3, 3]",two-tone,1,1,1,1.1322411319009305,"[13, 3, 3]",1.1322411319009305
236,"[13, 3, 2]",two-tone,1,1,1,0.8381251199005978,"[13, 3, 2]",0.8381251199005978
237,"[13, 2, 2]",two-tone,1,1,1,1.103966867907747,"[13, 2, 2]",1.103966867907747
238,"[13, 13, 9]",two-tone,16,11,8,2.11862761030478,"[13, 13, 9]",2.11862761030478
239,"[13, 13, 8]",two-tone,8,6,4,1.4058131352030356,"[13, 13, 8]",1.4058131352030356
240,"[13, 13, 7]",two-tone,8,6,4,1.3822626793939463,"[13, 13, 7]",1.3822626793939463
241,"[13, 13, 6]",two-tone,1,1,1,1.229560665980031,"[13, 13, 6]",1.229560665980031
242,"[13, 13, 5]",two-tone,10,7,5,1.2723379196713718,"[13, 13, 5]",1.2723379196713718
243,"[13, 13, 4]",two-tone,10,7,5,1.1176004108708817,"[13, 13, 4]",1.1176004108708817
244,"[13, 13, 3]",two-tone,2,2,2,1.073382324023852,"[13, 13, 3]",1.073382324023852
245,"[13, 13, 2]",two-tone,8,6,4,1.1080425500305076,"[13, 13, 2]",1.1080425500305076
246,"[13, 13, 12]",two-tone,16,11,8,2.576449453998181,"[13, 13, 12]",2.576449453998181
247,"[13, 13, 11]",two-tone,16,11,8,2.7401992217723645,"[13, 13, 11]",2.7401992217723645
248,"[13, 13, 10]",two-tone,16,11,8,2.4344863973132496,"[13, 13, 10]",2.4344863973132496
249,"[13, 12, 9]",two-tone,1,1,1,1.9452362354763952,"[13, 12, 9]",1.9452362354763952
250,"[13, 12, 8]",two-tone,3,2,2,1.4073029985115413,"[13, 12, 8]",1.4073029985115413
251,"[13, 12, 7]",two-tone,2,2,2,1.4058796860697995,"[13, 12, 7]",1.4058796860697995
252,"[13, 12, 6]",two-tone,2,2,2,1.3831941795786322,"[13, 12, 6]",1.3831941795786322
253,"[13, 12, 5]",two-tone,2,2,2,1.3458344098228292,"[13, 12, 5]",1.3458344098228292
254,"[13, 12, 4]",two-tone,2,2,2,1.3596228972883129,"[13, 12, 4]",1.3596228972883129
255,"[13, 12, 3]",two-tone,2,2,2,1.3800487205935577,"[13, 12, 3]",1.3800487205935577
256,"[13, 12, 2]",two-tone,2,2,2,1.3823576815328404,"[13, 12, 2]",1.3823576815328404
257,"[13, 12, 12]",two-tone,16,11,8,2.6603303161554313,"[13, 12, 12]",2.6603303161554313
258,"[13, 12, 11]",two-tone,1,1,1,2.5767765103346782,"[13, 12, 11]",2.5767765103346782
259,"[13, 12, 10]",two-tone,1,1,1,3.1289529272652787,"[13, 12, 10]",3.1289529272652787
260,"[13, 11, 9]",two-tone,10,7,5,1.7180945720463854,"[13, 11, 9]",1.7180945720463854
261,"[13, 11, 8]",two-tone,10,7,5,1.6573262772736268,"[13, 11, 8]",1.6573262772736268
262,"[13, 11, 7]",two-tone,2,2,2,1.904372246224665,"[13, 11, 7]",1.904372246224665
263,"[13, 11, 6]",two-tone,2,2,2,1.7371232525369655,"[13, 11, 6]",1.7371232525369655
264,"[13, 11, 5]",two-tone,2,2,2,1.702889776018,"[13, 11, 5]",1.702889776018
265,"[13, 11, 4]",two-tone,2,2,2,1.7048645300375616,"[13, 11, 4]",1.7048645300375616
266,"[13, 11, 3]",two-tone,2,2,2,1.7297272883635195,"[13, 11, 3]",1.7297272883635195
267,"[13, 11, 2]",two-tone,2,2,2,1.7361119733345325,"[13, 11, 2]",1.7361119733345325
268,"[13, 11, 11]",two-tone,16,11,8,2.817207406893375,"[13, 11, 11]",2.817207406893375
269,"[13, 11, 10]",two-tone,1,1,1,3.2357570080569307,"[13, 11, 10]",3.2357570080569307
270,"[13, 10, 9]",two-tone,1,1,1,2.1325603799657453,"[13, 10, 9]",2.1325603799657453
271,"[13, 10, 8]",two-tone,10,7,5,1.3698753318404882,"[13, 10, 8]",1.3698753318404882
272,"[13, 10, 7]",two-tone,2,2,2,1.510222895890782,"[13, 10, 7]",1.510222895890782
273,"[13, 10, 6]",two-tone,2,2,2,1.9513524141926124,"[13, 10, 6]",1.9513524141926124
274,"[13, 10, 5]",two-tone,2,2,2,1.3066802635497132,"[13, 10, 5]",1.3066802635497132
275,"[13, 10, 4]",two-tone,2,2,2,1.336065509707066,"[13, 10, 4]",1.336065509707066
276,"[13, 10, 3]",two-tone,2,2,2,1.3657408460080929,"[13, 10, 3]",1.3657408460080929
277,"[13, 10, 2]",two-tone,2,2,2,1.3881338574378201,"[13, 10, 2]",1.3881338574378201
278,"[13, 10, 10]",two-tone,16,11,8,2.4069915102236945,"[13, 10, 10]",2.4069915102236945
279,"[12, 9, 9]",two-tone,16,11,8,1.9604123310977088,"[12, 9, 9]",1.9604123310977088
280,"[12, 9, 8]",two-tone,1,1,1,1.2873686871649022,"[12, 9, 8]",1.2873686871649022
281,"[12, 9, 7]",two-tone,1,1,1,1.2541367329310216,"[12, 9, 7]",1.2541367329310216
282,"[12, 9, 6]",two-tone,1,1,1,1.2650906091427467,"[12, 9, 6]",1.2650906091427467
283,"[12, 9, 5]",two-tone,2,2,2,1.5284169076504437,"[12, 9, 5]",1.5284169076504437
284,"[12, 9, 4]",two-tone,2,2,2,1.3095778547532642,"[12, 9, 4]",1.3095778547532642
285,"[12, 9, 3]",two-tone,2,2,2,1.3324455987907091,"[12, 9, 3]",1.3324455987907091
286,"[12, 9, 2]",two-tone,1,1,1,1.3440083106872829,"[12, 9, 2]",1.3440083106872829
287,"[12, 8, 8]",two-tone,15,10,7,1.1940009610631164,"[12, 8, 8]",1.1940009610631164
288,"[12, 8, 7]",two-tone,1,1,1,0.6725276244745857,"[12, 8, 7]",0.6725276244745857
289,"[12, 8, 6]",two-tone,1,1,1,0.6843884176892701,"[12, 8, 6]",0.6843884176892701
290,"[12, 8, 5]",two-tone,1,1,1,0.6844717251630583,"[12, 8, 5]",0.6844717251630583
291,"[12, 8, 4]",two-tone,2,2,2,0.7272829885013009,"[12, 8, 4]",0.7272829885013009
292,"[12, 8, 3]",two-tone,2,2,2,0.7464233667622023,"[12, 8, 3]",0.7464233667622023
293,"[12, 8, 2]",two-tone,1,1,1,0.7754331288678032,"[12, 8, 2]",0.7754331288678032
294,"[12, 7, 7]",two-tone,8,6,4,1.4002986716323376,"[12, 7, 7]",1.4002986716323376
295,"[12, 7, 6]",two-tone,1,1,1,1.1668996105262868,"[12, 7, 6]",1.1668996105262868
296,"[12, 7, 5]",two-tone,1,1,1,1.3557863327914734,"[12, 7, 5]",1.3557863327914734
297,"[12, 7, 4]",two-tone,1,1,1,0.8994448455892641,"[12, 7, 4]",0.8994448455892641
298,"[12, 7, 3]",two-tone,2,2,2,0.9165573056792392,"[12, 7, 3]",0.9165573056792392
299,"[12, 7, 2]",two-tone,3,2,2,0.9220074193101321,"[12, 7, 2]",0.9220074193101321
300,"[12, 6, 6]",two-tone,10,7,5,1.5157310430981474,"[12, 6, 6]",1.5157310430981474
301,"[12, 6, 5]",two-tone,1,1,1,1.3965338236601308,"[12, 6, 5]",1.3965338236601308
302,"[12, 6, 4]",two-tone,1,1,1,1.3871589612908861,"[12, 6, 4]",1.3871589612908861
303,"[12, 6, 3]",two-tone,1,1,1,0.9247530428221216,"[12, 6, 3]",0.9247530428221216
304,"[12, 6, 2]",two-tone,1,1,1,0.9280408357510678,"[12, 6, 2]",0.9280408357510678
305,"[12, 5, 5]",two-tone,10,7,5,1.4627863703491228,"[12, 5, 5]",1.4627863703491228
306,"[12, 5, 4]",two-tone,1,1,1,1.3917174779581722,"[12, 5, 4]",1.3917174779581722
307,"[12, 5, 3]",two-tone,2,2,2,0.8577557029734059,"[12, 5, 3]",0.8577557029734059
308,"[12, 5, 2]",two-tone,2,2,2,0.8603131305276852,"[12, 5, 2]",0.8603131305276852
309,"[12, 4, 4]",two-tone,10,7,5,1.169870479162168,"[12, 4, 4]",1.169870479162168
310,"[12, 4, 3]",two-tone,1,1,1,0.8086589498691016,"[12, 4, 3]",0.8086589498691016
311,"[12, 4, 2]",two-tone,2,2,2,0.7965257780031241,"[12, 4, 2]",0.7965257780031241
312,"[12, 3, 3]",two-tone,2,2,2,1.0343916100699018,"[12, 3, 3]",1.0343916100699018
313,"[12, 3, 2]",two-tone,1,1,1,0.7733364575267568,"[12, 3, 2]",0.7733364575267568
314,"[12, 2, 2]",two-tone,1,1,1,1.0036007813998136,"[12, 2, 2]",1.0036007813998136
315,"[12, 12, 9]",two-tone,16,11,8,2.0164227952336167,"[12, 12, 9]",2.0164227952336167
316,"[12, 12, 8]",two-tone,15,10,7,1.3585421498245138,"[12, 12, 8]",1.3585421498245138
317,"[12, 12, 7]",two-tone,8,6,4,1.2902360634277563,"[12, 12, 7]",1.2902360634277563
318,"[12, 12, 6]",two-tone,1,1,1,1.1584577242333027,"[12, 12, 6]",1.1584577242333027
319,"[12, 12, 5]",two-tone,10,7,5,1.0950535454019663,"[12, 12, 5]",1.0950535454019663
320,"[12, 12, 4]",two-tone,1,1,1,1.020198544083644,"[12, 12, 4]",1.020198544083644
321,"[12, 12, 3]",two-tone,2,2,2,0.9840979927421908,"[12, 12, 3]",0.9840979927421908
322,"[12, 12, 2]",two-tone,2,2,2,0.9551739710151474,"[12, 12, 2]",0.9551739710151474
323,"[12, 12, 11]",two-tone,16,11,8,2.7177133193793725,"[12, 12, 11]",2.7177133193793725
324,"[12, 12, 10]",two-tone,16,11,8,2.604608719860346,"[12, 12, 10]",2.604608719860346
325,"[12, 11, 9]",two-tone,2,2,2,1.8620540901577824,"[12, 11, 9]",1.8620540901577824
326,"[12, 11, 8]",two-tone,2,2,2,2.1276613044302133,"[12, 11, 8]",2.1276613044302133
327,"[12, 11, 7]",two-tone,2,2,2,2.0101298000672365,"[12, 11, 7]",2.0101298000672365
328,"[12, 11, 6]",two-tone,2,2,2,2.005076343394973,"[12, 11, 6]",2.005076343394973
329,"[12, 11, 5]",two-tone,1,1,1,1.98477515828004,"[12, 11, 5]",1.98477515828004
330,"[12, 11, 4]",two-tone,1,1,1,2.004825123644673,"[12, 11, 4]",2.004825123644673
331,"[12, 11, 3]",two-tone,1,1,1,2.024451510038125,"[12, 11, 3]",2.024451510038125
332,"[12, 11, 2]",two-tone,1,1,1,2.0453928424450374,"[12, 11, 2]",2.0453928424450374
333,"[12, 11, 11]",two-tone,16,11,8,2.862546490473752,"[12, 11, 11]",2.862546490473752
334,"[12, 11, 10]",two-tone,1,1,1,2.2609778270500787,"[12, 11, 10]",2.2609778270500787
335,"[12, 10, 9]",two-tone,1,1,1,2.2993593601992437,"[12, 10, 9]",2.2993593601992437
336,"[12, 10, 8]",two-tone,1,1,1,1.6852784768288072,"[12, 10, 8]",1.6852784768288072
337,"[12, 10, 7]",two-tone,1,1,1,1.7504277118710274,"[12, 10, 7]",1.7504277118710274
338,"[12, 10, 6]",two-tone,2,2,2,1.932077089122816,"[12, 10, 6]",1.932077089122816
339,"[12, 10, 5]",two-tone,2,2,2,1.9288790935087987,"[12, 10, 5]",1.9288790935087987
340,"[12, 10, 4]",two-tone,1,1,1,1.9431227431950528,"[12, 10, 4]",1.9431227431950528
341,"[12, 10, 3]",two-tone,1,1,1,1.98108357628512,"[12, 10, 3]",1.98108357628512
342,"[12, 10, 2]",two-tone,1,1,1,2.0186469154093234,"[12, 10, 2]",2.0186469154093234
343,"[12, 10, 10]",two-tone,16,11,8,2.5631338229013054,"[12, 10, 10]",2.5631338229013054
344,"[11, 9, 9]",two-tone,16,11,8,2.1400731292852457,"[11, 9, 9]",2.1400731292852457
345,"[11, 9, 8]",two-tone,1,1,1,0.5150586337482108,"[11, 9, 8]",0.5150586337482108
346,"[11, 9, 7]",two-tone,2,2,2,1.5396067621402725,"[11, 9, 7]",1.5396067621402725
347,"[11, 9, 6]",two-tone,1,1,1,1.4029585298943323,"[11, 9, 6]",1.4029585298943323
348,"[11, 9, 5]",two-tone,1,1,1,1.411560179362403,"[11, 9, 5]",1.411560179362403
349,"[11, 9, 4]",two-tone,1,1,1,1.5829098042432592,"[11, 9, 4]",1.5829098042432592
350,"[11, 9, 3]",two-tone,1,1,1,1.6159956943963751,"[11, 9, 3]",1.6159956943963751
351,"[11, 9, 2]",two-tone,1,1,1,1.6425675798391683,"[11, 9, 2]",1.6425675798391683
352,"[11, 8, 8]",two-tone,16,11,8,1.5543755544798104,"[11, 8, 8]",1.5543755544798104
353,"[11, 8, 7]",two-tone,1,1,1,1.4466001120321477,"[11, 8, 7]",1.4466001120321477
354,"[11, 8, 6]",two-tone,1,1,1,1.321553216299165,"[11, 8, 6]",1.321553216299165
355,"[11, 8, 5]",two-tone,1,1,1,1.3094464778000865,"[11, 8, 5]",1.3094464778000865
356,"[11, 8, 4]",two-tone,1,1,1,1.3545805065007657,"[11, 8, 4]",1.3545805065007657
357,"[11, 8, 3]",two-tone,1,1,1,1.3768777117642816,"[11, 8, 3]",1.3768777117642816
358,"[11, 8, 2]",two-tone,1,1,1,1.409222385337005,"[11, 8, 2]",1.409222385337005
359,"[11, 7, 7]",two-tone,15,10,7,1.8862260915684173,"[11, 7, 7]",1.8862260915684173
360,"[11, 7, 6]",two-tone,1,1,1,1.389586392249773,"[11, 7, 6]",1.389586392249773
361,"[11, 7, 5]",two-tone,1,1,1,1.3889548525798971,"[11, 7, 5]",1.3889548525798971
362,"[11, 7, 4]",two-tone,1,1,1,1.6254875331741887,"[11, 7, 4]",1.6254875331741887
363,"[11, 7, 3]",two-tone,2,2,2,1.6602268406753236,"[11, 7, 3]",1.6602268406753236
364,"[11, 7, 2]",two-tone,1,1,1,1.6801621373768567,"[11, 7, 2]",1.6801621373768567
365,"[11, 6, 6]",two-tone,10,7,5,1.7783430766748136,"[11, 6, 6]",1.7783430766748136
366,"[11, 6, 5]",two-tone,1,1,1,1.6118761441927714,"[11, 6, 5]",1.6118761441927714
367,"[11, 6, 4]",two-tone,1,1,1,1.6243811438124622,"[11, 6, 4]",1.6243811438124622
368,"[11, 6, 3]",two-tone,1,1,1,1.079836478089098,"[11, 6, 3]",1.079836478089098
369,"[11, 6, 2]",two-tone,2,2,2,1.0944500293794035,"[11, 6, 2]",1.0944500293794035
370,"[11, 5, 5]",two-tone,10,7,5,1.690836102333917,"[11, 5, 5]",1.690836102333917
371,"[11, 5, 4]",two-tone,1,1,1,1.59686779986347,"[11, 5, 4]",1.59686779986347
372,"[11, 5, 3]",two-tone,1,1,1,1.0108044386800137,"[11, 5, 3]",1.0108044386800137
373,"[11, 5, 2]",two-tone,2,2,2,1.0188425824160263,"[11, 5, 2]",1.0188425824160263
374,"[11, 4, 4]",two-tone,10,7,5,1.3834504089153965,"[11, 4, 4]",1.3834504089153965
375,"[11, 4, 3]",two-tone,1,1,1,0.966006510030891,"[11, 4, 3]",0.966006510030891
376,"[11, 4, 2]",two-tone,2,2,2,0.9544778033498384,"[11, 4, 2]",0.9544778033498384
377,"[11, 3, 3]",two-tone,1,1,1,1.271188616650396,"[11, 3, 3]",1.271188616650396
378,"[11, 3, 2]",two-tone,1,1,1,0.9323404464372952,"[11, 3, 2]",0.9323404464372952
379,"[11, 2, 2]",two-tone,3,2,2,1.25199261963679,"[11, 2, 2]",1.25199261963679
380,"[11, 11, 9]",two-tone,16,11,8,2.3148410968014317,"[11, 11, 9]",2.3148410968014317
381,"[11, 11, 8]",two-tone,10,7,5,1.8614122200210672,"[11, 11, 8]",1.8614122200210672
382,"[11, 11, 7]",two-tone,10,7,5,1.8684938790133692,"[11, 11, 7]",1.8684938790133692
383,"[11, 11, 6]",two-tone,10,7,5,1.4769512416195223,"[11, 11, 6]",1.4769512416195223
384,"[11, 11, 5]",two-tone,10,7,5,1.4048540738144877,"[11, 11, 5]",1.4048540738144877
385,"[11, 11, 4]",two-tone,2,2,2,1.3138149021902006,"[11, 11, 4]",1.3138149021902006
386,"[11, 11, 3]",two-tone,2,2,2,1.2716271129435666,"[11, 11, 3]",1.2716271129435666
387,"[11, 11, 2]",two-tone,2,2,2,1.2492639218297343,"[11, 11, 2]",1.2492639218297343
388,"[11, 11, 10]",two-tone,16,11,8,2.6081360941959773,"[11, 11, 10]",2.6081360941959773
389,"[11, 10, 9]",two-tone,1,1,1,1.234761248468328,"[11, 10, 9]",1.234761248468328
390,"[11, 10, 8]",two-tone,1,1,1,1.967860293192144,"[11, 10, 8]",1.967860293192144
391,"[11, 10, 7]",two-tone,1,1,1,1.1097171484493942,"[11, 10, 7]",1.1097171484493942
392,"[11, 10, 6]",two-tone,1,1,1,2.0830564435940926,"[11, 10, 6]",2.0830564435940926
393,"[11, 10, 5]",two-tone,1,1,1,2.0991122749252265,"[11, 10, 5]",2.0991122749252265
394,"[11, 10, 4]",two-tone,1,1,1,2.1156424198735992,"[11, 10, 4]",2.1156424198735992
395,"[11, 10, 3]",two-tone,1,1,1,2.1601959325490614,"[11, 10, 3]",2.1601959325490614
396,"[11, 10, 2]",two-tone,1,1,1,2.205318948781625,"[11, 10, 2]",2.205318948781625
397,"[11, 10, 10]",two-tone,16,11,8,2.607010265534944,"[11, 10, 10]",2.607010265534944
398,"[10, 9, 9]",two-tone,16,11,8,1.802175413775772,"[10, 9, 9]",1.802175413775772
399,"[10, 9, 8]",two-tone,1,1,1,0.9611786826116586,"[10, 9, 8]",0.9611786826116586
400,"[10, 9, 7]",two-tone,1,1,1,0.9384860072918916,"[10, 9, 7]",0.9384860072918916
401,"[10, 9, 6]",two-tone,1,1,1,0.11780115367227185,"[10, 9, 6]",0.11780115367227185
402,"[10, 9, 5]",two-tone,1,1,1,1.2125369247191164,"[10, 9, 5]",1.2125369247191164
403,"[10, 9, 4]",two-tone,1,1,1,1.2237999260207222,"[10, 9, 4]",1.2237999260207222
404,"[10, 9, 3]",two-tone,1,1,1,1.2676195109665758,"[10, 9, 3]",1.2676195109665758
405,"[10, 9, 2]",two-tone,1,1,1,1.304085116274914,"[10, 9, 2]",1.304085116274914
406,"[10, 8, 8]",two-tone,15,10,7,1.0585059195250974,"[10, 8, 8]",1.0585059195250974
407,"[10, 8, 7]",two-tone,1,1,1,0.4506145908866,"[10, 8, 7]",0.4506145908866
408,"[10, 8, 6]",two-tone,1,1,1,0.9059270259190056,"[10, 8, 6]",0.9059270259190056
409,"[10, 8, 5]",two-tone,1,1,1,0.6591856473089059,"[10, 8, 5]",0.6591856473089059
410,"[10, 8, 4]",two-tone,1,1,1,0.7022539312355682,"[10, 8, 4]",0.7022539312355682
411,"[10, 8, 3]",two-tone,1,1,1,0.7233767380546401,"[10, 8, 3]",0.7233767380546401
412,"[10, 8, 2]",two-tone,1,1,1,0.7642337428506363,"[10, 8, 2]",0.7642337428506363
413,"[10, 7, 7]",two-tone,10,7,5,1.4132607043121592,"[10, 7, 7]",1.4132607043121592
414,"[10, 7, 6]",two-tone,1,1,1,0.16656434864438008,"[10, 7, 6]",0.16656434864438008
415,"[10, 7, 5]",two-tone,1,1,1,1.2343746548466898,"[10, 7, 5]",1.2343746548466898
416,"[10, 7, 4]",two-tone,1,1,1,1.2235467435608316,"[10, 7, 4]",1.2235467435608316
417,"[10, 7, 3]",two-tone,1,1,1,1.2623593436166547,"[10, 7, 3]",1.2623593436166547
418,"[10, 7, 2]",two-tone,1,1,1,1.2804956596923107,"[10, 7, 2]",1.2804956596923107
419,"[10, 6, 6]",two-tone,2,2,2,1.6176405810108545,"[10, 6, 6]",1.6176405810108545
420,"[10, 6, 5]",two-tone,1,1,1,1.4764982984946884,"[10, 6, 5]",1.4764982984946884
421,"[10, 6, 4]",two-tone,1,1,1,1.4515750337987008,"[10, 6, 4]",1.4515750337987008
422,"[10, 6, 3]",two-tone,1,1,1,1.653145632148057,"[10, 6, 3]",1.653145632148057
423,"[10, 6, 2]",two-tone,1,1,1,1.6790897699332517,"[10, 6, 2]",1.6790897699332517
424,"[10, 5, 5]",two-tone,1,1,1,1.2556488612045646,"[10, 5, 5]",1.2556488612045646
425,"[10, 5, 4]",two-tone,1,1,1,1.3697732850465207,"[10, 5, 4]",1.3697732850465207
426,"[10, 5, 3]",two-tone,2,2,2,0.7906293306023711,"[10, 5, 3]",0.7906293306023711
427,"[10, 5, 2]",two-tone,2,2,2,0.7998950685129198,"[10, 5, 2]",0.7998950685129198
428,"[10, 4, 4]",two-tone,1,1,1,1.0972203753080283,"[10, 4, 4]",1.0972203753080283
429,"[10, 4, 3]",two-tone,1,1,1,0.7410413516142336,"[10, 4, 3]",0.7410413516142336
430,"[10, 4, 2]",two-tone,2,2,2,0.7335258333334677,"[10, 4, 2]",0.7335258333334677
431,"[10, 3, 3]",two-tone,1,1,1,0.995332910209088,"[10, 3, 3]",0.995332910209088
432,"[10, 3, 2]",two-tone,1,1,1,0.7034085212193381,"[10, 3, 2]",0.7034085212193381
433,"[10, 2, 2]",two-tone,1,1,1,0.9604281328622628,"[10, 2, 2]",0.9604281328622628
434,"[10, 10, 9]",two-tone,16,11,8,1.7230978054787391,"[10, 10, 9]",1.7230978054787391
435,"[10, 10, 8]",two-tone,10,7,5,1.113075157460515,"[10, 10, 8]",1.113075157460515
436,"[10, 10, 7]",two-tone,1,1,1,1.1823538218868246,"[10, 10, 7]",1.1823538218868246
437,"[10, 10, 6]",two-tone,1,1,1,1.411710911254466,"[10, 10, 6]",1.411710911254466
438,"[10, 10, 5]",two-tone,1,1,1,0.874695627694321,"[10, 10, 5]",0.874695627694321
439,"[10, 10, 4]",two-tone,1,1,1,0.8117772473602177,"[10, 10, 4]",0.8117772473602177
440,"[10, 10, 3]",two-tone,1,1,1,0.7814175057367047,"[10, 10, 3]",0.7814175057367047
441,"[10, 10, 2]",two-tone,2,2,2,0.7651253218798213,"[10, 10, 2]",0.7651253218798213
